,Season,Competition,Matchday,Date,Venue,Club,Opponent,Result,Playing_Position,Minute,At_score,Type,Goal_assist,Year,Month
0,04/05,LaLiga,34,5/1/05,H,FC Barcelona,Albacete Balompie,2:0,CF,90+1,2:0,Left-footed shot,Ronaldinho Gaacho,2005,May
1,05/06,UEFA Champions League,Group Stage,11/2/05,H,FC Barcelona,Panathinaikos Athens,5:0,RW,34,3:0,Left-footed shot,,2005,November
2,05/06,LaLiga,13,11/27/05,H,FC Barcelona,Racing Santander,4:1,RW,51,2:0,Left-footed shot,Samuel Etoo,2005,November
3,05/06,LaLiga,19,1/15/06,H,FC Barcelona,Athletic Bilbao,2:1,RW,50,2:1,Left-footed shot,Mark van Bommel,2006,January
4,05/06,LaLiga,20,1/22/06,H,FC Barcelona,Deportivo Alaves,2:0,CF,82,2:0,Left-footed shot,Ronaldinho Gaacho,2006,January
5,05/06,LaLiga,21,1/29/06,A,FC Barcelona,RCD Mallorca,0:3,CF,75,0:2,Right-footed shot,Sylvinho,2006,January
6,05/06,LaLiga,21,1/29/06,A,FC Barcelona,RCD Mallorca,0:3,CF,83,0:3,Left-footed shot,Ronaldinho Gaacho,2006,January
7,05/06,Copa del Rey,Quarter-Finals,2/1/06,H,FC Barcelona,Real Zaragoza,2:1,CF,42,1:0,Header,Ludovic Giuly,2006,February
8,05/06,LaLiga,24,2/18/06,H,FC Barcelona,Real Betis Balompie,5:1,RW,84,5:1,Left-footed shot,,2006,February
9,06/07,LaLiga,1,8/28/06,A,FC Barcelona,Celta de Vigo,2:3,LW,59,1:2,Left-footed shot,Andres Iniesta,2006,August
10,06/07,LaLiga,2,9/9/06,H,FC Barcelona,CA Osasuna,3:0,RW,36,3:0,Left-footed shot,Samuel Etoo,2006,September
11,06/07,UEFA Champions League,Group Stage,9/27/06,A,FC Barcelona,SV Werder Bremen,1:1,RW,89,1:1,Left-footed shot,Deco,2006,September
12,06/07,LaLiga,6,10/15/06,H,FC Barcelona,Sevilla FC,3:1,RW,80,3:1,Right-footed shot,Xavi,2006,October
13,06/07,LaLiga,26,3/10/07,H,FC Barcelona,Real Madrid,3:3,RW,11,1:1,Left-footed shot,Samuel Etoo,2007,March
14,06/07,LaLiga,26,3/10/07,H,FC Barcelona,Real Madrid,3:3,RW,28,2:2,Left-footed shot,,2007,March
15,06/07,LaLiga,26,3/10/07,H,FC Barcelona,Real Madrid,3:3,RW,90+1,3:3,Left-footed shot,Ronaldinho Gaacho,2007,March
16,06/07,LaLiga,27,3/17/07,A,FC Barcelona,Recreativo Huelva,0:4,RW,86,0:4,Left-footed shot,,2007,March
17,06/07,LaLiga,28,3/31/07,H,FC Barcelona,Deportivo de La Coruaa,2:1,RW,45,1:0,Left-footed shot,Ronaldinho Gaacho,2007,March
18,06/07,Copa del Rey,Semi-Finals,4/18/07,H,FC Barcelona,Getafe CF,5:2,RW,29,2:0,Solo run,Xavi,2007,April
19,06/07,Copa del Rey,Semi-Finals,4/18/07,H,FC Barcelona,Getafe CF,5:2,RW,45,3:0,Left-footed shot,Deco,2007,April
20,06/07,LaLiga,35,5/20/07,A,FC Barcelona,Atletico de Madrid,0:6,RW,39,0:1,Left-footed shot,Samuel Etoo,2007,May
21,06/07,LaLiga,35,5/20/07,A,FC Barcelona,Atletico de Madrid,0:6,RW,80,0:5,Left-footed shot,Giovanni van Bronckhorst,2007,May
22,06/07,LaLiga,37,6/9/07,H,FC Barcelona,RCD Espanyol Barcelona,2:2,RW,43,1:1,,Gianluca Zambrotta,2007,June
23,06/07,LaLiga,37,6/9/07,H,FC Barcelona,RCD Espanyol Barcelona,2:2,RW,57,2:1,Right-footed shot,Deco,2007,June
24,06/07,LaLiga,38,6/17/07,A,FC Barcelona,Gimnastic de Tarragona,1:5,RW,34,0:2,Left-footed shot,Deco,2007,June
25,06/07,LaLiga,38,6/17/07,A,FC Barcelona,Gimnastic de Tarragona,1:5,RW,51,0:4,Left-footed shot,Deco,2007,June
26,07/08,UEFA Champions League,Group Stage,9/19/07,H,FC Barcelona,Olympique Lyon,3:0,RW,82,2:0,Left-footed shot,Andres Iniesta,2007,September
27,07/08,LaLiga,4,9/22/07,H,FC Barcelona,Sevilla FC,2:1,RW,72,1:0,Left-footed shot,Thierry Henry,2007,September
28,07/08,LaLiga,4,9/22/07,H,FC Barcelona,Sevilla FC,2:1,RW,79,2:0,Penalty,,2007,September
29,07/08,LaLiga,5,9/26/07,H,FC Barcelona,Real Zaragoza,4:1,RW,5,1:0,Left-footed shot,Thierry Henry,2007,September
30,07/08,LaLiga,5,9/26/07,H,FC Barcelona,Real Zaragoza,4:1,RW,10,2:1,Left-footed shot,Deco,2007,September
31,07/08,LaLiga,6,9/29/07,A,FC Barcelona,Levante UD,1:4,RW,50,0:4,Left-footed shot,Deco,2007,September
32,07/08,UEFA Champions League,Group Stage,10/2/07,A,FC Barcelona,VfB Stuttgart,0:2,RW,66,0:2,Deflected shot on goal,Thierry Henry,2007,October
33,07/08,LaLiga,7,10/7/07,H,FC Barcelona,Atletico de Madrid,3:0,RW,19,2:0,Left-footed shot,Ronaldinho Gaacho,2007,October
34,07/08,LaLiga,9,10/28/07,H,FC Barcelona,UD Almera,2:0,RW,80,2:0,Penalty,,2007,October
35,07/08,UEFA Champions League,Group Stage,11/7/07,H,FC Barcelona,Rangers FC,2:0,RW,41,2:0,Left-footed shot,Ronaldinho Gaacho,2007,November
36,07/08,LaLiga,13,11/24/07,H,FC Barcelona,Recreativo Huelva,3:0,RW,81,3:0,Penalty,,2007,November
37,07/08,UEFA Champions League,Group Stage,11/27/07,A,FC Barcelona,Olympique Lyon,2:2,RW,58,1:2,Penalty,,2007,November
38,07/08,UEFA Champions League,Last 16,2/20/08,A,FC Barcelona,Celtic FC,2:3,RW,18,1:1,Left-footed shot,Deco,2008,February
39,07/08,UEFA Champions League,Last 16,2/20/08,A,FC Barcelona,Celtic FC,2:3,RW,79,2:3,Left-footed shot,,2008,February
40,07/08,LaLiga,25,2/24/08,H,FC Barcelona,Levante UD,5:1,RW,44,2:1,Left-footed shot,Xavi,2008,February
41,07/08,LaLiga,35,5/4/08,H,FC Barcelona,Valencia CF,6:0,RW,5,1:0,Penalty,,2008,May
42,08/09,LaLiga,2,9/13/08,H,FC Barcelona,Racing Santander,1:1,RW,70,1:0,Penalty,,2008,September
43,08/09,LaLiga,3,9/21/08,A,FC Barcelona,Sporting GijÃ³n,1:6,RW,85,1:5,Left-footed shot,Andres Iniesta,2008,September
44,08/09,LaLiga,3,9/21/08,A,FC Barcelona,Sporting GijÃ³n,1:6,RW,89,1:6,Header,Xavi,2008,September
45,08/09,LaLiga,5,9/27/08,A,FC Barcelona,RCD Espanyol Barcelona,1:2,RW,90,1:2,Penalty,,2008,September
46,08/09,UEFA Champions League,Group Stage,10/1/08,A,FC Barcelona,Shakhtar Donetsk,1:2,RW,87,1:1,Right-footed shot,Bojan Krkic,2008,October
47,08/09,UEFA Champions League,Group Stage,10/1/08,A,FC Barcelona,Shakhtar Donetsk,1:2,RW,90+2,1:2,Left-footed shot,Xavi,2008,October
48,08/09,LaLiga,6,10/4/08,H,FC Barcelona,Atletico de Madrid,6:1,RW,8,3:0,Direct free kick,,2008,October
49,08/09,UEFA Champions League,Group Stage,10/22/08,A,FC Barcelona,FC Basel 1893,0:5,CF,4,0:1,Left-footed shot,Dani Alves,2008,October
50,08/09,LaLiga,9,11/1/08,A,FC Barcelona,Malaga CF,1:4,RW,19,1:2,Left-footed shot,,2008,November
51,08/09,UEFA Champions League,Group Stage,11/4/08,H,FC Barcelona,FC Basel 1893,1:1,RW,61,1:0,Left-footed shot,Thierry Henry,2008,November
52,08/09,Copa del Rey,Fifth Round,11/12/08,H,FC Barcelona,Benidorm CD,1:0,RW,86,1:0,Penalty rebound,,2008,November
53,08/09,LaLiga,11,11/16/08,A,FC Barcelona,Recreativo Huelva,0:2,RW,51,0:1,Left-footed shot,Xavi,2008,November
54,08/09,UEFA Champions League,Group Stage,11/26/08,A,FC Barcelona,Sporting CP,2:5,RW,49,0:3,Left-footed shot,Dani Alves,2008,November
55,08/09,LaLiga,13,11/29/08,A,FC Barcelona,Sevilla FC,0:3,RW,78,0:2,Left-footed shot,Xavi,2008,November
56,08/09,LaLiga,13,11/29/08,A,FC Barcelona,Sevilla FC,0:3,RW,90+2,0:3,Left-footed shot,Aleksandr Hleb,2008,November
57,08/09,LaLiga,15,12/13/08,H,FC Barcelona,Real Madrid,2:0,RW,89,2:0,Counter attack goal,Thierry Henry,2008,December
58,08/09,Copa del Rey,Last 16,1/6/09,A,FC Barcelona,Atletico de Madrid,1:3,RW,11,0:1,Left-footed shot,Dani Alves,2009,January
59,08/09,Copa del Rey,Last 16,1/6/09,A,FC Barcelona,Atletico de Madrid,1:3,RW,57,0:2,Penalty,,2009,January
60,08/09,Copa del Rey,Last 16,1/6/09,A,FC Barcelona,Atletico de Madrid,1:3,RW,79,1:3,Right-footed shot,Andres Iniesta,2009,January
61,08/09,LaLiga,18,1/11/09,A,FC Barcelona,CA Osasuna,2:3,RW,84,2:3,Left-footed shot,Dani Alves,2009,January
62,08/09,LaLiga,19,1/17/09,H,FC Barcelona,Deportivo de La Coruaa,5:0,RW,21,1:0,Left-footed shot,,2009,January
63,08/09,LaLiga,20,1/24/09,H,FC Barcelona,CD Numancia,4:1,RW,49,1:0,Left-footed shot,Dani Alves,2009,January
64,08/09,LaLiga,20,1/24/09,H,FC Barcelona,CD Numancia,4:1,RW,76,4:1,Right-footed shot,,2009,January
65,08/09,LaLiga,21,2/1/09,A,FC Barcelona,Racing Santander,1:2,RW,65,1:1,Right-footed shot,Xavi,2009,February
66,08/09,LaLiga,21,2/1/09,A,FC Barcelona,Racing Santander,1:2,RW,81,1:2,Right-footed shot,,2009,February
67,08/09,LaLiga,25,3/1/09,A,FC Barcelona,Atletico de Madrid,4:3,RW,30,0:2,Left-footed shot,,2009,March
68,08/09,Copa del Rey,Semi-Finals,3/4/09,A,FC Barcelona,RCD Mallorca,1:1,RW,81,1:1,Left-footed shot,Gerard Pique,2009,March
69,08/09,LaLiga,26,3/7/09,H,FC Barcelona,Athletic Bilbao,2:0,RW,31,2:0,Penalty,,2009,March
70,08/09,UEFA Champions League,Last 16,3/11/09,H,FC Barcelona,Olympique Lyon,5:2,RW,40,3:0,Left-footed shot,Samuel Etoo,2009,March
71,08/09,LaLiga,28,3/22/09,H,FC Barcelona,Malaga CF,6:0,RW,26,2:0,Right-footed shot,Xavi,2009,March
72,08/09,UEFA Champions League,Quarter-Finals,4/8/09,H,FC Barcelona,Bayern Munich,4:0,RW,9,1:0,Left-footed shot,Samuel Etoo,2009,April
73,08/09,UEFA Champions League,Quarter-Finals,4/8/09,H,FC Barcelona,Bayern Munich,4:0,RW,38,3:0,Right-footed shot,Thierry Henry,2009,April
74,08/09,LaLiga,31,4/18/09,A,FC Barcelona,Getafe CF,0:1,RW,18,0:1,Left-footed shot,Xavi,2009,April
75,08/09,LaLiga,33,4/25/09,A,FC Barcelona,Valencia CF,2:2,RW,23,0:1,Left-footed shot,Andres Iniesta,2009,April
76,08/09,LaLiga,34,5/2/09,A,FC Barcelona,Real Madrid,2:6,CF,35,1:3,Left-footed shot,Xavi,2009,May
77,08/09,LaLiga,34,5/2/09,A,FC Barcelona,Real Madrid,2:6,CF,75,2:5,Left-footed shot,Xavi,2009,May
78,08/09,Copa del Rey,Final,5/13/09,H,FC Barcelona,Athletic Bilbao,4:1,RW,55,2:1,Left-footed shot,Samuel Etoo,2009,May
79,08/09,UEFA Champions League,Final,5/27/09,H,FC Barcelona,Manchester United,2:0,CF,70,2:0,Header,Xavi,2009,May
80,09/10,Supercopa,Final,8/23/09,H,FC Barcelona,Athletic Bilbao,3:0,RW,50,1:0,Right-footed shot,Zlatan Ibrahimovic,2009,August
81,09/10,Supercopa,Final,8/23/09,H,FC Barcelona,Athletic Bilbao,3:0,RW,68,2:0,Penalty,,2009,August
82,09/10,LaLiga,2,9/12/09,A,FC Barcelona,Getafe CF,0:2,RW,78,0:2,Header,Zlatan Ibrahimovic,2009,September
83,09/10,LaLiga,3,9/19/09,H,FC Barcelona,Atletico de Madrid,5:2,RW,15,2:0,Left-footed shot,Xavi,2009,September
84,09/10,LaLiga,3,9/19/09,H,FC Barcelona,Atletico de Madrid,5:2,RW,90+3,5:2,Right-footed shot,Dani Alves,2009,September
85,09/10,LaLiga,4,9/22/09,A,FC Barcelona,Racing Santander,1:4,RW,23,0:2,Left-footed shot,Xavi,2009,September
86,09/10,LaLiga,4,9/22/09,A,FC Barcelona,Racing Santander,1:4,RW,63,0:4,Left-footed shot,Xavi,2009,September
87,09/10,UEFA Champions League,Group Stage,9/29/09,H,FC Barcelona,Dynamo Kyiv,2:0,RW,25,1:0,Left-footed shot,Andres Iniesta,2009,September
88,09/10,LaLiga,8,10/25/09,H,FC Barcelona,Real Zaragoza,6:1,RW,80,5:1,Left-footed shot,Andres Iniesta,2009,October
89,09/10,LaLiga,10,11/7/09,H,FC Barcelona,RCD Mallorca,4:2,RW,86,4:1,Penalty,,2009,November
90,09/10,Copa del Rey,5th round,11/10/09,H,FC Barcelona,Cultural Leonesa,5:0,RW,64,4:0,Left-footed shot,Pedro,2009,November
91,09/10,LaLiga,13,12/5/09,A,FC Barcelona,Deportivo de La Coruaa,1:3,RW,26,0:1,Left-footed shot,Dani Alves,2009,December
92,09/10,LaLiga,13,12/5/09,A,FC Barcelona,Deportivo de La Coruaa,1:3,RW,80,1:2,Header,Pedro,2009,December
93,09/10,UEFA Champions League,Group Stage,12/9/09,A,FC Barcelona,Dynamo Kyiv,1:2,RW,86,1:2,Direct free kick,,2009,December
94,09/10,FIFA Club World Cup,Semi-Finals,12/16/09,A,FC Barcelona,CF Atlante,1:3,RW,55,1:2,Left-footed shot,Zlatan Ibrahimovic,2009,December
95,09/10,FIFA Club World Cup,Final,12/19/09,A,FC Barcelona,Club Estudiantes de La Plata,1:2 AET,RW,110,1:2,Chest,Dani Alves,2009,December
96,09/10,LaLiga,17,1/10/10,A,FC Barcelona,CD Tenerife,0:5,RW,36,0:1,Left-footed shot,Bojan Krkic,2010,January
97,09/10,LaLiga,17,1/10/10,A,FC Barcelona,CD Tenerife,0:5,RW,45,0:3,Right-footed shot,Bojan Krkic,2010,January
98,09/10,LaLiga,17,1/10/10,A,FC Barcelona,CD Tenerife,0:5,RW,75,0:4,Left-footed shot,Bojan Krkic,2010,January
99,09/10,LaLiga,18,1/16/10,H,FC Barcelona,Sevilla FC,4:0,RW,85,3:0,Left-footed shot,Dani Alves,2010,January
100,09/10,LaLiga,18,1/16/10,H,FC Barcelona,Sevilla FC,4:0,RW,90+1,4:0,Left-footed shot,Ã‰ric Abidal,2010,January
101,09/10,LaLiga,19,1/23/10,A,FC Barcelona,Real Valladolid CF,0:3,RW,54,0:3,Left-footed shot,Zlatan Ibrahimovic,2010,January
102,09/10,LaLiga,21,2/6/10,H,FC Barcelona,Getafe CF,2:1,RW,7,1:0,Left-footed shot,Yaya Toure,2010,February
103,09/10,LaLiga,24,2/27/10,H,FC Barcelona,Malaga CF,2:1,RW,84,2:1,Right-footed shot,Dani Alves,2010,February
104,09/10,LaLiga,25,3/6/10,A,FC Barcelona,UD Almera,2:2,RW,42,1:1,Direct free kick,,2010,March
105,09/10,LaLiga,25,3/6/10,A,FC Barcelona,UD Almera,2:2,RW,66,2:2,Left-footed shot,,2010,March
106,09/10,LaLiga,26,3/14/10,H,FC Barcelona,Valencia CF,3:0,CF,56,1:0,Left-footed shot,Xavi,2010,March
107,09/10,LaLiga,26,3/14/10,H,FC Barcelona,Valencia CF,3:0,CF,80,2:0,Left-footed shot,Thierry Henry,2010,March
108,09/10,LaLiga,26,3/14/10,H,FC Barcelona,Valencia CF,3:0,CF,82,3:0,Right-footed shot,Thierry Henry,2010,March
109,09/10,UEFA Champions League,Last 16,3/17/10,H,FC Barcelona,VfB Stuttgart,4:0,CF,13,1:0,Left-footed shot,Yaya Toure,2010,March
110,09/10,UEFA Champions League,Last 16,3/17/10,H,FC Barcelona,VfB Stuttgart,4:0,CF,56,3:0,Left-footed shot,Dani Alves,2010,March
111,09/10,LaLiga,27,3/21/10,A,FC Barcelona,Real Zaragoza,2:4,RW,4,0:1,Header,Pedro,2010,March
112,09/10,LaLiga,27,3/21/10,A,FC Barcelona,Real Zaragoza,2:4,RW,65,0:2,Left-footed shot,,2010,March
113,09/10,LaLiga,27,3/21/10,A,FC Barcelona,Real Zaragoza,2:4,RW,78,0:3,Left-footed shot,Andres Iniesta,2010,March
114,09/10,LaLiga,30,4/3/10,H,FC Barcelona,Athletic Bilbao,4:1,CF,67,4:0,Left-footed shot,Pedro,2010,April
115,09/10,UEFA Champions League,Quarter-Finals,4/6/10,H,FC Barcelona,Arsenal FC,4:1,CF,21,1:1,Left-footed shot,,2010,April
116,09/10,UEFA Champions League,Quarter-Finals,4/6/10,H,FC Barcelona,Arsenal FC,4:1,CF,37,2:1,Right-footed shot,Pedro,2010,April
117,09/10,UEFA Champions League,Quarter-Finals,4/6/10,H,FC Barcelona,Arsenal FC,4:1,CF,42,3:1,Left-footed shot,Seydou Keita,2010,April
118,09/10,UEFA Champions League,Quarter-Finals,4/6/10,H,FC Barcelona,Arsenal FC,4:1,CF,88,4:1,Left-footed shot,Xavi,2010,April
119,09/10,LaLiga,31,4/10/10,A,FC Barcelona,Real Madrid,0:2,CF,32,0:1,Right-footed shot,Xavi,2010,April
120,09/10,LaLiga,35,5/1/10,A,FC Barcelona,Villarreal CF,1:4,RW,18,0:1,Left-footed shot,Xavi,2010,May
121,09/10,LaLiga,35,5/1/10,A,FC Barcelona,Villarreal CF,1:4,RW,87,1:4,Left-footed shot,Dani Alves,2010,May
122,09/10,LaLiga,36,5/4/10,H,FC Barcelona,CD Tenerife,4:1,RW,16,1:0,Right-footed shot,Zlatan Ibrahimovic,2010,May
123,09/10,LaLiga,36,5/4/10,H,FC Barcelona,CD Tenerife,4:1,RW,90+3,4:1,Right-footed shot,Dani Alves,2010,May
124,09/10,LaLiga,37,5/8/10,A,FC Barcelona,Sevilla FC,2:3,RW,5,0:1,Left-footed shot,Maxwell,2010,May
125,09/10,LaLiga,38,5/16/10,H,FC Barcelona,Real Valladolid CF,4:0,RW,61,3:0,Right-footed shot,Yaya Toure,2010,May
126,09/10,LaLiga,38,5/16/10,H,FC Barcelona,Real Valladolid CF,4:0,RW,74,4:0,Left-footed shot,Yaya Toure,2010,May
127,10/11,Supercopa,Final,8/21/10,H,FC Barcelona,Sevilla FC,4:0,RW,25,2:0,Left-footed shot,Xavi,2010,August
128,10/11,Supercopa,Final,8/21/10,H,FC Barcelona,Sevilla FC,4:0,RW,43,3:0,Right-footed shot,Dani Alves,2010,August
129,10/11,Supercopa,Final,8/21/10,H,FC Barcelona,Sevilla FC,4:0,RW,90+1,4:0,Left-footed shot,Andres Iniesta,2010,August
130,10/11,LaLiga,1,8/29/10,A,FC Barcelona,Racing Santander,0:3,RW,3,0:1,Left-footed shot,Andres Iniesta,2010,August
131,10/11,UEFA Champions League,Group Stage,9/14/10,H,FC Barcelona,Panathinaikos Athens,5:1,CF,22,1:1,Left-footed shot,Xavi,2010,September
132,10/11,UEFA Champions League,Group Stage,9/14/10,H,FC Barcelona,Panathinaikos Athens,5:1,CF,45,3:1,Left-footed shot,Pedro,2010,September
133,10/11,LaLiga,3,9/19/10,A,FC Barcelona,Atletico de Madrid,1:2,CF,12,0:1,Left-footed shot,Pedro,2010,September
134,10/11,LaLiga,6,10/3/10,H,FC Barcelona,RCD Mallorca,1:1,CF,20,1:0,Left-footed shot,Pedro,2010,October
135,10/11,UEFA Champions League,Group Stage,10/20/10,H,FC Barcelona,FC Copenhagen,2:0,CF,18,1:0,Left-footed shot,Andres Iniesta,2010,October
136,10/11,UEFA Champions League,Group Stage,10/20/10,H,FC Barcelona,FC Copenhagen,2:0,CF,90+1,2:0,Left-footed shot,Ã‰ric Abidal,2010,October
137,10/11,LaLiga,8,10/23/10,A,FC Barcelona,Real Zaragoza,0:2,CF,41,0:1,Left-footed shot,David Villa,2010,October
138,10/11,LaLiga,8,10/23/10,A,FC Barcelona,Real Zaragoza,0:2,CF,65,0:2,Left-footed shot,,2010,October
139,10/11,LaLiga,9,10/30/10,H,FC Barcelona,Sevilla FC,5:0,RW,4,1:0,Left-footed shot,,2010,October
140,10/11,LaLiga,9,10/30/10,H,FC Barcelona,Sevilla FC,5:0,RW,63,4:0,Left-footed shot,,2010,October
141,10/11,UEFA Champions League,Group Stage,11/2/10,A,FC Barcelona,FC Copenhagen,1:1,CF,31,0:1,Right-footed shot,,2010,November
142,10/11,LaLiga,10,11/7/10,A,FC Barcelona,Getafe CF,1:3,CF,23,0:1,Left-footed shot,David Villa,2010,November
143,10/11,Copa del Rey,4th round,11/10/10,H,FC Barcelona,Club Atletico de Ceuta,5:1,RW,67,5:1,Left-footed shot,Thiago,2010,November
144,10/11,LaLiga,11,11/13/10,H,FC Barcelona,Villarreal CF,3:1,CF,58,2:1,Right-footed shot,Pedro,2010,November
145,10/11,LaLiga,11,11/13/10,H,FC Barcelona,Villarreal CF,3:1,CF,83,3:1,Left-footed shot,Pedro,2010,November
146,10/11,LaLiga,12,11/20/10,A,FC Barcelona,UD Almera,0:8,CF,16,0:1,Left-footed shot,David Villa,2010,November
147,10/11,LaLiga,12,11/20/10,A,FC Barcelona,UD Almera,0:8,CF,36,0:5,Tap-in,,2010,November
148,10/11,LaLiga,12,11/20/10,A,FC Barcelona,UD Almera,0:8,CF,67,0:7,Tap-in,David Villa,2010,November
149,10/11,UEFA Champions League,Group Stage,11/24/10,A,FC Barcelona,Panathinaikos Athens,0:3,CF,63,0:2,Left-footed shot,Adriano,2010,November
150,10/11,LaLiga,14,12/4/10,A,FC Barcelona,CA Osasuna,0:3,CF,64,0:2,Left-footed shot,David Villa,2010,December
151,10/11,LaLiga,14,12/4/10,A,FC Barcelona,CA Osasuna,0:3,CF,82,0:3,Penalty,,2010,December
152,10/11,LaLiga,15,12/12/10,H,FC Barcelona,Real Sociedad,5:0,CF,46,3:0,Left-footed shot,Dani Alves,2010,December
153,10/11,LaLiga,15,12/12/10,H,FC Barcelona,Real Sociedad,5:0,CF,86,4:0,Left-footed shot,Bojan Krkic,2010,December
154,10/11,LaLiga,18,1/8/11,A,FC Barcelona,Deportivo de La Coruaa,0:4,CF,51,0:2,Direct free kick,,2011,January
155,10/11,Copa del Rey,Quarter-Finals,1/12/11,H,FC Barcelona,Real Betis Balompie,5:0,CF,44,1:0,Left-footed shot,Andres Iniesta,2011,January
156,10/11,Copa del Rey,Quarter-Finals,1/12/11,H,FC Barcelona,Real Betis Balompie,5:0,CF,63,2:0,Left-footed shot,,2011,January
157,10/11,Copa del Rey,Quarter-Finals,1/12/11,H,FC Barcelona,Real Betis Balompie,5:0,CF,73,3:0,Left-footed shot,Xavi,2011,January
158,10/11,Copa del Rey,Quarter-Finals,1/19/11,A,FC Barcelona,Real Betis Balompie,3:1,RW,37,2:1,Left-footed shot,Xavi,2011,January
159,10/11,LaLiga,20,1/22/11,H,FC Barcelona,Racing Santander,3:0,CF,33,2:0,Penalty,,2011,January
160,10/11,Copa del Rey,Semi-Finals,1/26/11,H,FC Barcelona,UD Almera,5:0,CF,9,1:0,Left-footed shot,Pedro,2011,January
161,10/11,Copa del Rey,Semi-Finals,1/26/11,H,FC Barcelona,UD Almera,5:0,CF,15,3:0,Left-footed shot,Andres Iniesta,2011,January
162,10/11,LaLiga,21,1/29/11,A,FC Barcelona,Hercules CF,0:3,CF,87,0:2,Left-footed shot,Dani Alves,2011,January
163,10/11,LaLiga,21,1/29/11,A,FC Barcelona,Hercules CF,0:3,CF,89,0:3,Left-footed shot,Dani Alves,2011,January
164,10/11,LaLiga,22,2/5/11,H,FC Barcelona,Atletico de Madrid,3:0,CF,16,1:0,Left-footed shot,Dani Alves,2011,February
165,10/11,LaLiga,22,2/5/11,H,FC Barcelona,Atletico de Madrid,3:0,CF,28,2:0,Left-footed shot,Pedro,2011,February
166,10/11,LaLiga,22,2/5/11,H,FC Barcelona,Atletico de Madrid,3:0,CF,78,3:0,Left-footed shot,David Villa,2011,February
167,10/11,LaLiga,24,2/20/11,H,FC Barcelona,Athletic Bilbao,2:1,CF,78,2:1,Right-footed shot,Dani Alves,2011,February
168,10/11,LaLiga,25,2/26/11,A,FC Barcelona,RCD Mallorca,0:3,CF,38,0:1,Header,Seydou Keita,2011,February
169,10/11,LaLiga,26,3/2/11,A,FC Barcelona,Valencia CF,0:1,CF,77,0:1,Left-footed shot,Adriano,2011,March
170,10/11,UEFA Champions League,Last 16,3/8/11,H,FC Barcelona,Arsenal FC,3:1,RW,49,1:0,Left-footed shot,Andres Iniesta,2011,March
171,10/11,UEFA Champions League,Last 16,3/8/11,H,FC Barcelona,Arsenal FC,3:1,RW,72,3:1,Penalty,,2011,March
172,10/11,LaLiga,31,4/9/11,H,FC Barcelona,UD Almera,3:1,CF,52,1:1,Penalty,,2011,April
173,10/11,LaLiga,31,4/9/11,H,FC Barcelona,UD Almera,3:1,CF,90+1,3:1,Left-footed shot,Seydou Keita,2011,April
174,10/11,UEFA Champions League,Quarter-Finals,4/12/11,A,FC Barcelona,Shakhtar Donetsk,0:1,CF,42,0:1,Left-footed shot,Dani Alves,2011,April
175,10/11,LaLiga,32,4/16/11,A,FC Barcelona,Real Madrid,1:1,CF,53,0:1,Penalty,,2011,April
176,10/11,LaLiga,33,4/23/11,H,FC Barcelona,CA Osasuna,2:0,CF,87,2:0,Right-footed shot,Dani Alves,2011,April
177,10/11,UEFA Champions League,Semi-Finals,4/27/11,A,FC Barcelona,Real Madrid,0:2,CF,76,0:1,Left-footed shot,Ibrahim Afellay,2011,April
178,10/11,UEFA Champions League,Semi-Finals,4/27/11,A,FC Barcelona,Real Madrid,0:2,CF,87,0:2,Solo run,Sergio Busquets,2011,April
179,10/11,UEFA Champions League,Final,5/28/11,H,FC Barcelona,Manchester United,3:1,CF,54,2:1,Left-footed shot,Andres Iniesta,2011,May
180,11/12,Supercopa,Final,8/14/11,A,FC Barcelona,Real Madrid,2:2,CF,45,1:2,Left-footed shot,Thiago,2011,August
181,11/12,Supercopa,Final,8/17/11,H,FC Barcelona,Real Madrid,3:2,CF,44,2:1,Right-footed shot,Gerard Pique,2011,August
182,11/12,Supercopa,Final,8/17/11,H,FC Barcelona,Real Madrid,3:2,CF,88,3:2,Left-footed shot,Adriano,2011,August
183,11/12,UEFA Super Cup,Final,8/26/11,H,FC Barcelona,FC Porto,2:0,CF,39,1:0,Left-footed shot,,2011,August
184,11/12,LaLiga,2,8/29/11,H,FC Barcelona,Villarreal CF,5:0,CF,51,4:0,Right-footed shot,Andres Iniesta,2011,August
185,11/12,LaLiga,2,8/29/11,H,FC Barcelona,Villarreal CF,5:0,CF,74,5:0,Left-footed shot,Thiago,2011,August
186,11/12,LaLiga,4,9/17/11,H,FC Barcelona,CA Osasuna,8:0,CF,5,1:0,Left-footed shot,Dani Alves,2011,September
187,11/12,LaLiga,4,9/17/11,H,FC Barcelona,CA Osasuna,8:0,CF,41,5:0,Left-footed shot,Cesc Fabregas,2011,September
188,11/12,LaLiga,4,9/17/11,H,FC Barcelona,CA Osasuna,8:0,CF,79,8:0,Left-footed shot,Cesc Fabregas,2011,September
189,11/12,LaLiga,6,9/24/11,H,FC Barcelona,Atletico de Madrid,5:0,CF,26,3:0,Left-footed shot,Pedro,2011,September
190,11/12,LaLiga,6,9/24/11,H,FC Barcelona,Atletico de Madrid,5:0,CF,78,4:0,Left-footed shot,Dani Alves,2011,September
191,11/12,LaLiga,6,9/24/11,H,FC Barcelona,Atletico de Madrid,5:0,CF,90+1,5:0,Left-footed shot,David Villa,2011,September
192,11/12,UEFA Champions League,Group Stage,9/28/11,A,FC Barcelona,BATE Borisov,0:5,CF,38,0:3,Header,,2011,September
193,11/12,UEFA Champions League,Group Stage,9/28/11,A,FC Barcelona,BATE Borisov,0:5,CF,56,0:4,Left-footed shot,Dani Alves,2011,September
194,11/12,LaLiga,8,10/15/11,H,FC Barcelona,Racing Santander,3:0,CF,11,1:0,Right-footed shot,Andres Iniesta,2011,October
195,11/12,LaLiga,8,10/15/11,H,FC Barcelona,Racing Santander,3:0,CF,69,3:0,Right-footed shot,,2011,October
196,11/12,LaLiga,11,10/29/11,H,FC Barcelona,RCD Mallorca,5:0,CF,13,1:0,Penalty,,2011,October
197,11/12,LaLiga,11,10/29/11,H,FC Barcelona,RCD Mallorca,5:0,CF,21,2:0,Right-footed shot,Adriano,2011,October
198,11/12,LaLiga,11,10/29/11,H,FC Barcelona,RCD Mallorca,5:0,CF,30,3:0,Left-footed shot,Dani Alves,2011,October
199,11/12,UEFA Champions League,Group Stage,11/1/11,A,FC Barcelona,FC Viktoria Plzen,0:4,CF,24,0:1,Penalty,,2011,November
200,11/12,UEFA Champions League,Group Stage,11/1/11,A,FC Barcelona,FC Viktoria Plzen,0:4,CF,45+2,0:2,Left-footed shot,Adriano,2011,November
201,11/12,UEFA Champions League,Group Stage,11/1/11,A,FC Barcelona,FC Viktoria Plzen,0:4,CF,90+2,0:4,Left-footed shot,Gerard Pique,2011,November
202,11/12,LaLiga,12,11/6/11,A,FC Barcelona,Athletic Bilbao,2:2,CF,90,2:2,Left-footed shot,,2011,November
203,11/12,LaLiga,13,11/19/11,H,FC Barcelona,Real Zaragoza,4:0,CF,43,2:0,Right-footed shot,Cesc Fabregas,2011,November
204,11/12,UEFA Champions League,Group Stage,11/23/11,A,FC Barcelona,AC Milan,2:3,SS,31,1:2,Penalty,,2011,November
205,11/12,LaLiga,17,11/29/11,H,FC Barcelona,Rayo Vallecano,4:0,CF,49,4:0,Left-footed shot,Dani Alves,2011,November
206,11/12,LaLiga,15,12/3/11,H,FC Barcelona,Levante UD,5:0,CF,55,4:0,Left-footed shot,Dani Alves,2011,December
207,11/12,FIFA Club World Cup,Final,12/18/11,A,FC Barcelona,Santos FC,0:4,RW,17,0:1,Left-footed shot,Xavi,2011,December
208,11/12,FIFA Club World Cup,Final,12/18/11,A,FC Barcelona,Santos FC,0:4,RW,82,0:4,Left-footed shot,Dani Alves,2011,December
209,11/12,Copa del Rey,Last 16,1/4/12,H,FC Barcelona,CA Osasuna,4:0,CF,71,3:0,Header,Cesc Fabregas,2012,January
210,11/12,Copa del Rey,Last 16,1/4/12,H,FC Barcelona,CA Osasuna,4:0,CF,90,4:0,Left-footed shot,Xavi,2012,January
211,11/12,LaLiga,19,1/15/12,H,FC Barcelona,Real Betis Balompie,4:2,CF,12,2:0,Right-footed shot,Alexis Sanchez,2012,January
212,11/12,LaLiga,19,1/15/12,H,FC Barcelona,Real Betis Balompie,4:2,CF,86,4:2,Penalty,,2012,January
213,11/12,LaLiga,1,1/22/12,A,FC Barcelona,Malaga CF,1:4,CF,32,0:1,Header,Adriano,2012,January
214,11/12,LaLiga,1,1/22/12,A,FC Barcelona,Malaga CF,1:4,CF,51,0:3,Left-footed shot,Thiago,2012,January
215,11/12,LaLiga,1,1/22/12,A,FC Barcelona,Malaga CF,1:4,CF,77,0:4,Left-footed shot,Pedro,2012,January
216,11/12,LaLiga,22,2/4/12,H,FC Barcelona,Real Sociedad,2:1,CF,72,2:0,Left-footed shot,Dani Alves,2012,February
217,11/12,UEFA Champions League,Last 16,2/14/12,A,FC Barcelona,Bayer 04 Leverkusen,1:3,CF,88,1:3,Left-footed shot,Dani Alves,2012,February
218,11/12,LaLiga,24,2/19/12,H,FC Barcelona,Valencia CF,5:1,CF,21,1:1,Left-footed shot,,2012,February
219,11/12,LaLiga,24,2/19/12,H,FC Barcelona,Valencia CF,5:1,CF,27,2:1,Tap-in,,2012,February
220,11/12,LaLiga,24,2/19/12,H,FC Barcelona,Valencia CF,5:1,CF,75,3:1,Left-footed shot,Cristian Tello,2012,February
221,11/12,LaLiga,24,2/19/12,H,FC Barcelona,Valencia CF,5:1,CF,84,4:1,Left-footed shot,Sergio Busquets,2012,February
222,11/12,LaLiga,25,2/26/12,A,FC Barcelona,Atletico de Madrid,1:2,CF,79,1:2,Direct free kick,,2012,February
223,11/12,UEFA Champions League,Last 16,3/7/12,H,FC Barcelona,Bayer 04 Leverkusen,7:1,CF,25,1:0,Left-footed shot,Xavi,2012,March
224,11/12,UEFA Champions League,Last 16,3/7/12,H,FC Barcelona,Bayer 04 Leverkusen,7:1,CF,42,2:0,Left-footed shot,Andres Iniesta,2012,March
225,11/12,UEFA Champions League,Last 16,3/7/12,H,FC Barcelona,Bayer 04 Leverkusen,7:1,CF,50,3:0,Right-footed shot,Cesc Fabregas,2012,March
226,11/12,UEFA Champions League,Last 16,3/7/12,H,FC Barcelona,Bayer 04 Leverkusen,7:1,CF,58,5:0,Left-footed shot,,2012,March
227,11/12,UEFA Champions League,Last 16,3/7/12,H,FC Barcelona,Bayer 04 Leverkusen,7:1,CF,85,7:0,Left-footed shot,Seydou Keita,2012,March
228,11/12,LaLiga,27,3/11/12,A,FC Barcelona,Racing Santander,0:2,CF,28,0:1,Left-footed shot,Cesc Fabregas,2012,March
229,11/12,LaLiga,27,3/11/12,A,FC Barcelona,Racing Santander,0:2,CF,55,0:2,Penalty,,2012,March
230,11/12,LaLiga,28,3/17/12,A,FC Barcelona,Sevilla FC,0:2,CF,25,0:2,Left-footed shot,Andres Iniesta,2012,March
231,11/12,LaLiga,29,3/20/12,H,FC Barcelona,Granada CF,5:3,CF,16,2:0,Left-footed shot,Isaac Cuenca,2012,March
232,11/12,LaLiga,29,3/20/12,H,FC Barcelona,Granada CF,5:3,CF,66,3:2,Left-footed shot,Dani Alves,2012,March
233,11/12,LaLiga,29,3/20/12,H,FC Barcelona,Granada CF,5:3,CF,85,5:2,Left-footed shot,Dani Alves,2012,March
234,11/12,LaLiga,30,3/24/12,A,FC Barcelona,RCD Mallorca,0:2,CF,25,0:1,Direct free kick,,2012,March
235,11/12,LaLiga,31,3/31/12,H,FC Barcelona,Athletic Bilbao,2:0,CF,57,2:0,Penalty,,2012,March
236,11/12,UEFA Champions League,Quarter-Finals,4/3/12,H,FC Barcelona,AC Milan,3:1,RW,11,1:0,Penalty,,2012,April
237,11/12,UEFA Champions League,Quarter-Finals,4/3/12,H,FC Barcelona,AC Milan,3:1,RW,42,2:1,Penalty,,2012,April
238,11/12,LaLiga,32,4/7/12,A,FC Barcelona,Real Zaragoza,1:4,CF,39,1:2,Left-footed shot,Alexis Sanchez,2012,April
239,11/12,LaLiga,32,4/7/12,A,FC Barcelona,Real Zaragoza,1:4,CF,86,1:3,Penalty,,2012,April
240,11/12,LaLiga,33,4/10/12,H,FC Barcelona,Getafe CF,4:0,CF,44,2:0,Left-footed shot,Andres Iniesta,2012,April
241,11/12,LaLiga,34,4/14/12,A,FC Barcelona,Levante UD,1:2,CF,64,1:1,Left-footed shot,Alexis Sanchez,2012,April
242,11/12,LaLiga,34,4/14/12,A,FC Barcelona,Levante UD,1:2,CF,73,1:2,Penalty,,2012,April
243,11/12,LaLiga,36,4/29/12,A,FC Barcelona,Rayo Vallecano,0:7,CF,16,0:1,Left-footed shot,Pedro,2012,April
244,11/12,LaLiga,36,4/29/12,A,FC Barcelona,Rayo Vallecano,0:7,CF,88,0:7,Left-footed shot,Pedro,2012,April
245,11/12,LaLiga,20,5/2/12,H,FC Barcelona,Malaga CF,4:1,CF,34,2:1,Penalty,,2012,May
246,11/12,LaLiga,20,5/2/12,H,FC Barcelona,Malaga CF,4:1,CF,60,3:1,Penalty,,2012,May
247,11/12,LaLiga,20,5/2/12,H,FC Barcelona,Malaga CF,4:1,CF,63,4:1,Left-footed shot,Andres Iniesta,2012,May
248,11/12,LaLiga,37,5/5/12,H,FC Barcelona,RCD Espanyol Barcelona,4:0,CF,11,1:0,Direct free kick,,2012,May
249,11/12,LaLiga,37,5/5/12,H,FC Barcelona,RCD Espanyol Barcelona,4:0,CF,63,2:0,Penalty,,2012,May
250,11/12,LaLiga,37,5/5/12,H,FC Barcelona,RCD Espanyol Barcelona,4:0,CF,73,3:0,Left-footed shot,Adriano,2012,May
251,11/12,LaLiga,37,5/5/12,H,FC Barcelona,RCD Espanyol Barcelona,4:0,CF,78,4:0,Penalty,,2012,May
252,11/12,Copa del Rey,Final,5/25/12,H,FC Barcelona,Athletic Bilbao,3:0,CF,20,2:0,Right-footed shot,Andres Iniesta,2012,May
253,12/13,LaLiga,1,8/19/12,H,FC Barcelona,Real Sociedad,5:1,CF,10,2:1,Left-footed shot,Pedro,2012,August
254,12/13,LaLiga,1,8/19/12,H,FC Barcelona,Real Sociedad,5:1,CF,15,3:1,Left-footed shot,Cristian Tello,2012,August
255,12/13,Supercopa,Final,8/23/12,H,FC Barcelona,Real Madrid,3:2,CF,60,2:1,Penalty,,2012,August
256,12/13,LaLiga,2,8/26/12,A,FC Barcelona,CA Osasuna,1:2,CF,74,1:1,Left-footed shot,Alexis Sanchez,2012,August
257,12/13,LaLiga,2,8/26/12,A,FC Barcelona,CA Osasuna,1:2,CF,79,1:2,Left-footed shot,Jordi Alba,2012,August
258,12/13,Supercopa,Final,8/29/12,A,FC Barcelona,Real Madrid,2:1,CF,45,2:1,Direct free kick,,2012,August
259,12/13,LaLiga,4,9/15/12,A,FC Barcelona,Getafe CF,1:4,CF,74,0:2,Penalty,,2012,September
260,12/13,LaLiga,4,9/15/12,A,FC Barcelona,Getafe CF,1:4,CF,78,0:3,Left-footed shot,Pedro,2012,September
261,12/13,UEFA Champions League,Group Stage,9/19/12,H,FC Barcelona,Spartak Moscow,3:2,CF,71,2:2,Left-footed shot,Cristian Tello,2012,September
262,12/13,UEFA Champions League,Group Stage,9/19/12,H,FC Barcelona,Spartak Moscow,3:2,CF,80,3:2,Header,Alexis Sanchez,2012,September
263,12/13,LaLiga,7,10/7/12,H,FC Barcelona,Real Madrid,2:2,CF,31,1:1,Left-footed shot,,2012,October
264,12/13,LaLiga,7,10/7/12,H,FC Barcelona,Real Madrid,2:2,CF,60,2:1,Direct free kick,,2012,October
265,12/13,LaLiga,8,10/20/12,A,FC Barcelona,Deportivo de La Coruaa,4:5,CF,17,0:3,Left-footed shot,Cesc Fabregas,2012,October
266,12/13,LaLiga,8,10/20/12,A,FC Barcelona,Deportivo de La Coruaa,4:5,CF,43,2:4,Left-footed shot,Cesc Fabregas,2012,October
267,12/13,LaLiga,8,10/20/12,A,FC Barcelona,Deportivo de La Coruaa,4:5,CF,76,3:5,Left-footed shot,Xavi,2012,October
268,12/13,LaLiga,9,10/27/12,A,FC Barcelona,Rayo Vallecano,0:5,CF,48,0:2,Left-footed shot,Marta Montoya,2012,October
269,12/13,LaLiga,9,10/27/12,A,FC Barcelona,Rayo Vallecano,0:5,CF,89,0:5,Right-footed shot,Cesc Fabregas,2012,October
270,12/13,UEFA Champions League,Group Stage,11/7/12,A,FC Barcelona,Celtic FC,2:1,CF,90+1,2:1,Tap-in,,2012,November
271,12/13,LaLiga,11,11/11/12,A,FC Barcelona,RCD Mallorca,2:4,CF,43,0:2,Left-footed shot,Sergio Busquets,2012,November
272,12/13,LaLiga,11,11/11/12,A,FC Barcelona,RCD Mallorca,2:4,CF,70,2:4,Left-footed shot,Alexis Sanchez,2012,November
273,12/13,LaLiga,12,11/17/12,H,FC Barcelona,Real Zaragoza,3:1,CF,15,1:0,Left-footed shot,Jordi Alba,2012,November
274,12/13,LaLiga,12,11/17/12,H,FC Barcelona,Real Zaragoza,3:1,CF,60,3:1,Left-footed shot,Marta Montoya,2012,November
275,12/13,UEFA Champions League,Group Stage,11/20/12,A,FC Barcelona,Spartak Moscow,0:3,CF,27,0:2,Right-footed shot,,2012,November
276,12/13,UEFA Champions League,Group Stage,11/20/12,A,FC Barcelona,Spartak Moscow,0:3,CF,39,0:3,Left-footed shot,Pedro,2012,November
277,12/13,LaLiga,13,11/25/12,A,FC Barcelona,Levante UD,0:4,CF,46,0:1,Left-footed shot,Andres Iniesta,2012,November
278,12/13,LaLiga,13,11/25/12,A,FC Barcelona,Levante UD,0:4,CF,51,0:2,Left-footed shot,Andres Iniesta,2012,November
279,12/13,LaLiga,14,12/1/12,H,FC Barcelona,Athletic Bilbao,5:1,CF,24,2:0,Left-footed shot,Xavi,2012,December
280,12/13,LaLiga,14,12/1/12,H,FC Barcelona,Athletic Bilbao,5:1,CF,69,5:1,Right-footed shot,Pedro,2012,December
281,12/13,LaLiga,15,12/9/12,A,FC Barcelona,Real Betis Balompie,1:2,CF,16,0:1,Left-footed shot,Andres Iniesta,2012,December
282,12/13,LaLiga,15,12/9/12,A,FC Barcelona,Real Betis Balompie,1:2,CF,25,0:2,Left-footed shot,Andres Iniesta,2012,December
283,12/13,Copa del Rey,Last 16,12/12/12,A,FC Barcelona,CÃ³rdoba CF,0:2,CF,10,0:1,Left-footed shot,David Villa,2012,December
284,12/13,Copa del Rey,Last 16,12/12/12,A,FC Barcelona,CÃ³rdoba CF,0:2,CF,73,0:2,Left-footed shot,Alexis Sanchez,2012,December
285,12/13,LaLiga,16,12/16/12,H,FC Barcelona,Atletico de Madrid,4:1,CF,58,3:1,Left-footed shot,Alexis Sanchez,2012,December
286,12/13,LaLiga,16,12/16/12,H,FC Barcelona,Atletico de Madrid,4:1,CF,88,4:1,Left-footed shot,,2012,December
287,12/13,LaLiga,17,12/22/12,A,FC Barcelona,Real Valladolid CF,1:3,CF,59,0:2,Left-footed shot,Xavi,2012,December
288,12/13,LaLiga,18,1/6/13,H,FC Barcelona,RCD Espanyol Barcelona,4:0,CF,28,4:0,Penalty,,2013,January
289,12/13,LaLiga,19,1/13/13,A,FC Barcelona,Malaga CF,1:3,CF,26,0:1,Right-footed shot,,2013,January
290,12/13,Copa del Rey,Quarter-Finals,1/16/13,H,FC Barcelona,Malaga CF,2:2,CF,29,1:1,Left-footed shot,,2013,January
291,12/13,LaLiga,20,1/19/13,A,FC Barcelona,Real Sociedad,3:2,CF,6,0:1,Left-footed shot,Andres Iniesta,2013,January
292,12/13,Copa del Rey,Quarter-Finals,1/24/13,A,FC Barcelona,Malaga CF,2:4,CF,79,2:4,Header,Dani Alves,2013,January
293,12/13,LaLiga,21,1/27/13,H,FC Barcelona,CA Osasuna,5:1,CF,11,1:0,Right-footed shot,Xavi,2013,January
294,12/13,LaLiga,21,1/27/13,H,FC Barcelona,CA Osasuna,5:1,CF,28,2:1,Penalty,,2013,January
295,12/13,LaLiga,21,1/27/13,H,FC Barcelona,CA Osasuna,5:1,CF,56,4:1,Left-footed shot,David Villa,2013,January
296,12/13,LaLiga,21,1/27/13,H,FC Barcelona,CA Osasuna,5:1,CF,58,5:1,Left-footed shot,Adriano,2013,January
297,12/13,LaLiga,22,2/3/13,A,FC Barcelona,Valencia CF,1:1,CF,39,1:1,Penalty,,2013,February
298,12/13,LaLiga,23,2/10/13,H,FC Barcelona,Getafe CF,6:1,CF,13,2:0,Left-footed shot,Thiago,2013,February
299,12/13,LaLiga,24,2/16/13,A,FC Barcelona,Granada CF,1:2,CF,49,1:1,Left-footed shot,,2013,February
300,12/13,LaLiga,24,2/16/13,A,FC Barcelona,Granada CF,1:2,CF,72,1:2,Direct free kick,,2013,February
301,12/13,LaLiga,25,2/23/13,H,FC Barcelona,Sevilla FC,2:1,CF,60,2:1,Left-footed shot,Cristian Tello,2013,February
302,12/13,LaLiga,26,3/2/13,A,FC Barcelona,Real Madrid,2:1,CF,18,1:1,Left-footed shot,Dani Alves,2013,March
303,12/13,LaLiga,27,3/9/13,H,FC Barcelona,Deportivo de La Coruaa,2:0,CF,88,2:0,Left-footed shot,Alexis Sanchez,2013,March
304,12/13,UEFA Champions League,Last 16,3/12/13,H,FC Barcelona,AC Milan,4:0,CF,5,1:0,Left-footed shot,Xavi,2013,March
305,12/13,UEFA Champions League,Last 16,3/12/13,H,FC Barcelona,AC Milan,4:0,CF,40,2:0,Left-footed shot,Andres Iniesta,2013,March
306,12/13,LaLiga,28,3/17/13,H,FC Barcelona,Rayo Vallecano,3:1,CF,40,2:0,Left-footed shot,David Villa,2013,March
307,12/13,LaLiga,28,3/17/13,H,FC Barcelona,Rayo Vallecano,3:1,CF,57,3:0,Left-footed shot,David Villa,2013,March
308,12/13,LaLiga,29,3/30/13,A,FC Barcelona,Celta de Vigo,2:2,CF ,73,1:2,Left-footed shot,Cristian Tello,2013,March
309,12/13,UEFA Champions League,Quarter-Finals,4/2/13,A,FC Barcelona,Paris Saint-Germain,2:2,CF,38,0:1,Left-footed shot,Dani Alves,2013,April
310,12/13,LaLiga,33,4/27/13,A,FC Barcelona,Athletic Bilbao,2:2,CF,67,1:1,Left-footed shot,Thiago,2013,April
311,12/13,LaLiga,34,5/5/13,H,FC Barcelona,Real Betis Balompie,4:2,CF,60,3:2,Direct free kick,,2013,May
312,12/13,LaLiga,34,5/5/13,H,FC Barcelona,Real Betis Balompie,4:2,CF,71,4:2,Left-footed shot,Alexis Sanchez,2013,May
313,13/14,LaLiga,1,8/18/13,H,FC Barcelona,Levante UD,7:0,CF,13,2:0,Left-footed shot,Pedro,2013,August
314,13/14,LaLiga,1,8/18/13,H,FC Barcelona,Levante UD,7:0,CF,42,5:0,Penalty,,2013,August
315,13/14,LaLiga,3,9/1/13,A,FC Barcelona,Valencia CF,2:3,CF,11,0:1,Left-footed shot,Cesc Fabregas,2013,September
316,13/14,LaLiga,3,9/1/13,A,FC Barcelona,Valencia CF,2:3,CF,39,0:2,Right-footed shot,Cesc Fabregas,2013,September
317,13/14,LaLiga,3,9/1/13,A,FC Barcelona,Valencia CF,2:3,CF,41,0:3,Left-footed shot,Neymar,2013,September
318,13/14,LaLiga,4,9/14/13,H,FC Barcelona,Sevilla FC,3:2,CF,75,2:0,Left-footed shot,Neymar,2013,September
319,13/14,UEFA Champions League,Group Stage,9/18/13,H,FC Barcelona,Ajax Amsterdam,4:0,CF,22,1:0,Direct free kick,,2013,September
320,13/14,UEFA Champions League,Group Stage,9/18/13,H,FC Barcelona,Ajax Amsterdam,4:0,CF,55,2:0,Left-footed shot,Sergio Busquets,2013,September
321,13/14,UEFA Champions League,Group Stage,9/18/13,H,FC Barcelona,Ajax Amsterdam,4:0,CF,75,4:0,Left-footed shot,Xavi,2013,September
322,13/14,LaLiga,6,9/24/13,H,FC Barcelona,Real Sociedad,4:1,CF,8,2:0,Header,Neymar,2013,September
323,13/14,LaLiga,7,9/28/13,A,FC Barcelona,UD Almera,0:2,CF,21,0:1,Left-footed shot,Pedro,2013,September
324,13/14,UEFA Champions League,Group Stage,10/22/13,A,FC Barcelona,AC Milan,1:1,CF,23,1:1,Left-footed shot,Andres Iniesta,2013,October
325,13/14,UEFA Champions League,Group Stage,11/6/13,H,FC Barcelona,AC Milan,3:1,CF,30,1:0,Penalty,,2013,November
326,13/14,UEFA Champions League,Group Stage,11/6/13,H,FC Barcelona,AC Milan,3:1,CF,83,3:1,Left-footed shot,Cesc Fabregas,2013,November
327,13/14,Copa del Rey,Last 16,1/8/14,H,FC Barcelona,Getafe CF,4:0,CF,90,3:0,Left-footed shot,Marta Montoya,2014,January
328,13/14,Copa del Rey,Last 16,1/8/14,H,FC Barcelona,Getafe CF,4:0,CF,90+2,4:0,Left-footed shot,Alex Song,2014,January
329,13/14,Copa del Rey,Last 16,1/16/14,A,FC Barcelona,Getafe CF,0:2,CF,43,0:1,Right-footed shot,Cristian Tello,2014,January
330,13/14,Copa del Rey,Last 16,1/16/14,A,FC Barcelona,Getafe CF,0:2,CF,63,0:2,Left-footed shot,,2014,January
331,13/14,LaLiga,22,2/1/14,H,FC Barcelona,Valencia CF,2:3,CF,54,2:2,Penalty,,2014,February
332,13/14,LaLiga,23,2/9/14,A,FC Barcelona,Sevilla FC,1:4,CF,44,1:2,Left-footed shot,Pedro,2014,February
333,13/14,LaLiga,23,2/9/14,A,FC Barcelona,Sevilla FC,1:4,CF,56,1:3,Left-footed shot,Andres Iniesta,2014,February
334,13/14,Copa del Rey,Semi-Finals,2/12/14,A,FC Barcelona,Real Sociedad,1:1,CF,26,0:1,Solo run,,2014,February
335,13/14,LaLiga,24,2/15/14,H,FC Barcelona,Rayo Vallecano,6:0,CF,36,2:0,Left-footed shot,Cesc Fabregas,2014,February
336,13/14,LaLiga,24,2/15/14,H,FC Barcelona,Rayo Vallecano,6:0,CF,68,5:0,Left-footed shot,Alexis Sanchez,2014,February
337,13/14,UEFA Champions League,Last 16,2/18/14,A,FC Barcelona,Manchester City,0:2,CF,54,0:1,Penalty,,2014,February
338,13/14,LaLiga,25,2/22/14,A,FC Barcelona,Real Sociedad,3:1,CF,36,1:1,Left-footed shot,Marta Montoya,2014,February
339,13/14,LaLiga,26,3/2/14,H,FC Barcelona,UD Almera,4:1,CF,24,2:0,Direct free kick,,2014,March
340,13/14,UEFA Champions League,Last 16,3/12/14,H,FC Barcelona,Manchester City,2:1,CF,67,1:0,Left-footed shot,,2014,March
341,13/14,LaLiga,28,3/16/14,H,FC Barcelona,CA Osasuna,7:0,CF,18,1:0,Left-footed shot,Alexis Sanchez,2014,March
342,13/14,LaLiga,28,3/16/14,H,FC Barcelona,CA Osasuna,7:0,CF,63,4:0,Left-footed shot,Andres Iniesta,2014,March
343,13/14,LaLiga,28,3/16/14,H,FC Barcelona,CA Osasuna,7:0,CF,88,6:0,Right-footed shot,Dani Alves,2014,March
344,13/14,LaLiga,29,3/23/14,A,FC Barcelona,Real Madrid,3:4,CF,42,2:2,Left-footed shot,Neymar,2014,March
345,13/14,LaLiga,29,3/23/14,A,FC Barcelona,Real Madrid,3:4,CF,65,3:3,Penalty,,2014,March
346,13/14,LaLiga,29,3/23/14,A,FC Barcelona,Real Madrid,3:4,CF,84,3:4,Penalty,,2014,March
347,13/14,LaLiga,30,3/26/14,H,FC Barcelona,Celta de Vigo,3:0,CF,30,2:0,Right-footed shot,Andres Iniesta,2014,March
348,13/14,LaLiga,31,3/29/14,A,FC Barcelona,RCD Espanyol Barcelona,0:1,CF,77,0:1,Penalty,,2014,March
349,13/14,LaLiga,32,4/5/14,H,FC Barcelona,Real Betis Balompie,3:1,CF,15,1:0,Penalty,,2014,April
350,13/14,LaLiga,32,4/5/14,H,FC Barcelona,Real Betis Balompie,3:1,CF,86,3:1,Penalty rebound,Antonio Amaya,2014,April
351,13/14,LaLiga,34,4/20/14,H,FC Barcelona,Athletic Bilbao,2:1,CF,74,2:1,Direct free kick,,2014,April
352,13/14,LaLiga,35,4/27/14,A,FC Barcelona,Villarreal CF,2:3,CF,83,2:3,Right-footed shot,Cesc Fabregas,2014,April
353,13/14,LaLiga,36,5/3/14,H,FC Barcelona,Getafe CF,2:2,CF,23,1:0,Left-footed shot,Dani Alves,2014,May
354,14/15,LaLiga,1,8/24/14,H,FC Barcelona,Elche CF,3:0,CF,42,1:0,Left-footed shot,Sergio Busquets,2014,August
355,14/15,LaLiga,1,8/24/14,H,FC Barcelona,Elche CF,3:0,CF,64,3:0,Left-footed shot,,2014,August
356,14/15,LaLiga,4,9/21/14,A,FC Barcelona,Levante UD,0:5,CF,77,0:5,Right-footed shot,,2014,September
357,14/15,LaLiga,6,9/27/14,H,FC Barcelona,Granada CF,6:0,CF,62,4:0,Header,Dani Alves,2014,September
358,14/15,LaLiga,6,9/27/14,H,FC Barcelona,Granada CF,6:0,CF,82,6:0,Right-footed shot,,2014,September
359,14/15,UEFA Champions League,Group Stage,9/30/14,A,FC Barcelona,Paris Saint-Germain,3:2,RW,12,1:1,Left-footed shot,Andres Iniesta,2014,September
360,14/15,LaLiga,7,10/4/14,A,FC Barcelona,Rayo Vallecano,0:2,CF,35,0:1,Left-footed shot,Gerard Pique,2014,October
361,14/15,LaLiga,8,10/18/14,H,FC Barcelona,SD Eibar,3:0,CF,74,3:0,Left-footed shot,Neymar,2014,October
362,14/15,UEFA Champions League,Group Stage,10/21/14,H,FC Barcelona,Ajax Amsterdam,3:1,CF,24,2:0,Left-footed shot,Andres Iniesta,2014,October
363,14/15,UEFA Champions League,Group Stage,11/5/14,A,FC Barcelona,Ajax Amsterdam,0:2,RW,36,0:1,Header,Marc Bartra,2014,November
364,14/15,UEFA Champions League,Group Stage,11/5/14,A,FC Barcelona,Ajax Amsterdam,0:2,RW,76,0:2,Left-footed shot,Pedro,2014,November
365,14/15,LaLiga,12,11/22/14,H,FC Barcelona,Sevilla FC,5:1,RW,21,1:0,Direct free kick,,2014,November
366,14/15,LaLiga,12,11/22/14,H,FC Barcelona,Sevilla FC,5:1,RW,73,4:1,Tap-in,Neymar,2014,November
367,14/15,LaLiga,12,11/22/14,H,FC Barcelona,Sevilla FC,5:1,RW,78,5:1,Left-footed shot,Neymar,2014,November
368,14/15,UEFA Champions League,Group Stage,11/25/14,A,FC Barcelona,APOEL Nicosia,0:4,CF ,38,0:2,Right-footed shot,Rafinha,2014,November
369,14/15,UEFA Champions League,Group Stage,11/25/14,A,FC Barcelona,APOEL Nicosia,0:4,CF ,58,0:3,Right-footed shot,Dani Alves,2014,November
370,14/15,UEFA Champions League,Group Stage,11/25/14,A,FC Barcelona,APOEL Nicosia,0:4,CF ,87,0:4,Right-footed shot,Pedro,2014,November
371,14/15,LaLiga,14,12/7/14,H,FC Barcelona,RCD Espanyol Barcelona,5:1,RW,45+1,1:1,Left-footed shot,Xavi,2014,December
372,14/15,LaLiga,14,12/7/14,H,FC Barcelona,RCD Espanyol Barcelona,5:1,RW,50,2:1,Right-footed shot,Luis Suarez,2014,December
373,14/15,LaLiga,14,12/7/14,H,FC Barcelona,RCD Espanyol Barcelona,5:1,RW,81,5:1,Right-footed shot,Pedro,2014,December
374,14/15,UEFA Champions League,Group Stage,12/10/14,H,FC Barcelona,Paris Saint-Germain,3:1,AM,19,1:1,Right-footed shot,Luis Suarez,2014,December
375,14/15,LaLiga,16,12/20/14,H,FC Barcelona,CÃ³rdoba CF,5:0,RW,82,4:0,Right-footed shot,,2014,December
376,14/15,LaLiga,16,12/20/14,H,FC Barcelona,CÃ³rdoba CF,5:0,RW,90,5:0,Right-footed shot,,2014,December
377,14/15,Copa del Rey,Last 16,1/8/15,H,FC Barcelona,Elche CF,5:0,RW ,45,3:0,Penalty,,2015,January
378,14/15,LaLiga,18,1/11/15,H,FC Barcelona,Atletico de Madrid,3:1,RW,87,3:1,Left-footed shot,,2015,January
379,14/15,LaLiga,19,1/18/15,A,FC Barcelona,Deportivo de La Coruaa,0:4,RW,11,0:1,Header,Ivan Rakitic,2015,January
380,14/15,LaLiga,19,1/18/15,A,FC Barcelona,Deportivo de La Coruaa,0:4,RW,33,0:2,Left-footed shot,Luis Suarez,2015,January
381,14/15,LaLiga,19,1/18/15,A,FC Barcelona,Deportivo de La Coruaa,0:4,RW,62,0:3,Left-footed shot,Ivan Rakitic,2015,January
382,14/15,Copa del Rey,Quarter-Finals,1/21/15,H,FC Barcelona,Atletico de Madrid,1:0,RW ,85,1:0,Penalty rebound,,2015,January
383,14/15,LaLiga,20,1/24/15,A,FC Barcelona,Elche CF,0:6,CF,55,0:2,Penalty,,2015,January
384,14/15,LaLiga,20,1/24/15,A,FC Barcelona,Elche CF,0:6,CF,88,0:5,Left-footed shot,Marc Bartra,2015,January
385,14/15,LaLiga,21,2/1/15,H,FC Barcelona,Villarreal CF,3:2,RW,55,3:2,Right-footed shot,Luis Suarez,2015,February
386,14/15,LaLiga,22,2/8/15,A,FC Barcelona,Athletic Bilbao,2:5,RW,15,0:1,Direct free kick,,2015,February
387,14/15,Copa del Rey,Semi-Finals,2/11/15,H,FC Barcelona,Villarreal CF,3:1,RW,41,1:0,Left-footed shot,Luis Suarez,2015,February
388,14/15,LaLiga,23,2/15/15,H,FC Barcelona,Levante UD,5:0,CF,38,2:0,Right-footed shot,Marc Bartra,2015,February
389,14/15,LaLiga,23,2/15/15,H,FC Barcelona,Levante UD,5:0,CF,59,3:0,Right-footed shot,Pedro,2015,February
390,14/15,LaLiga,23,2/15/15,H,FC Barcelona,Levante UD,5:0,CF,65,4:0,Penalty,,2015,February
391,14/15,LaLiga,25,2/28/15,A,FC Barcelona,Granada CF,1:3,RW,70,1:3,Right-footed shot,Luis Suarez,2015,February
392,14/15,LaLiga,26,3/8/15,H,FC Barcelona,Rayo Vallecano,6:1,RW,56,3:0,Penalty,,2015,March
393,14/15,LaLiga,26,3/8/15,H,FC Barcelona,Rayo Vallecano,6:1,RW,63,4:0,Tap-in,,2015,March
394,14/15,LaLiga,26,3/8/15,H,FC Barcelona,Rayo Vallecano,6:1,RW,68,5:0,Left-footed shot,Pedro,2015,March
395,14/15,LaLiga,27,3/14/15,A,FC Barcelona,SD Eibar,0:2,RW ,31,0:1,Penalty,,2015,March
396,14/15,LaLiga,27,3/14/15,A,FC Barcelona,SD Eibar,0:2,RW ,55,0:2,Header,Ivan Rakitic,2015,March
397,14/15,LaLiga,30,4/8/15,H,FC Barcelona,UD Almera,4:0,RW,33,1:0,Left-footed shot,Marc Bartra,2015,April
398,14/15,LaLiga,31,4/11/15,A,FC Barcelona,Sevilla FC,2:2,RW,15,0:1,Left-footed shot,Neymar,2015,April
399,14/15,LaLiga,32,4/18/15,H,FC Barcelona,Valencia CF,2:0,RW,90+4,2:0,Left-footed shot,,2015,April
400,14/15,LaLiga,33,4/25/15,A,FC Barcelona,RCD Espanyol Barcelona,0:2,RW,25,0:2,Left-footed shot,Luis Suarez,2015,April
401,14/15,LaLiga,34,4/28/15,H,FC Barcelona,Getafe CF,6:0,RW,9,1:0,Penalty,,2015,April
402,14/15,LaLiga,34,4/28/15,H,FC Barcelona,Getafe CF,6:0,RW,47,6:0,Left-footed shot,Luis Suarez,2015,April
403,14/15,LaLiga,35,5/2/15,A,FC Barcelona,CÃ³rdoba CF,0:8,RW,47,0:3,Header,Dani Alves,2015,May
404,14/15,LaLiga,35,5/2/15,A,FC Barcelona,CÃ³rdoba CF,0:8,RW,80,0:6,Left-footed shot,Luis Suarez,2015,May
405,14/15,UEFA Champions League,Semi-Finals,5/6/15,H,FC Barcelona,Bayern Munich,3:0,RW,77,1:0,Left-footed shot,Dani Alves,2015,May
406,14/15,UEFA Champions League,Semi-Finals,5/6/15,H,FC Barcelona,Bayern Munich,3:0,RW,80,2:0,Right-footed shot,Ivan Rakitic,2015,May
407,14/15,LaLiga,37,5/17/15,A,FC Barcelona,Atletico de Madrid,0:1,RW,65,0:1,Left-footed shot,Pedro,2015,May
408,14/15,LaLiga,38,5/23/15,H,FC Barcelona,Deportivo de La Coruaa,2:2,RW,5,1:0,Header,Rafinha,2015,May
409,14/15,LaLiga,38,5/23/15,H,FC Barcelona,Deportivo de La Coruaa,2:2,RW,59,2:0,Right-footed shot,Neymar,2015,May
410,14/15,Copa del Rey,Final,5/30/15,A,FC Barcelona,Athletic Bilbao,1:3,RW,20,0:1,Solo run,,2015,May
411,14/15,Copa del Rey,Final,5/30/15,A,FC Barcelona,Athletic Bilbao,1:3,RW,74,0:3,Left-footed shot,Dani Alves,2015,May
412,15/16,UEFA Super Cup,Final,8/11/15,H,FC Barcelona,Sevilla FC,5:4 AET,RW,7,1:1,Direct free kick,,2015,August
413,15/16,UEFA Super Cup,Final,8/11/15,H,FC Barcelona,Sevilla FC,5:4 AET,RW,16,2:1,Direct free kick,,2015,August
414,15/16,Supercopa,Final,8/17/15,H,FC Barcelona,Athletic Bilbao,1:1,RW,43,1:0,Left-footed shot,Luis Suarez,2015,August
415,15/16,LaLiga,3,9/12/15,A,FC Barcelona,Atletico de Madrid,1:2,RW,77,1:2,Left-footed shot,Luis Suarez,2015,September
416,15/16,LaLiga,4,9/20/15,H,FC Barcelona,Levante UD,4:1,AM ,61,3:0,Penalty,,2015,September
417,15/16,LaLiga,4,9/20/15,H,FC Barcelona,Levante UD,4:1,AM ,90,4:1,Left-footed shot,Marc Bartra,2015,September
418,15/16,UEFA Champions League,Group Stage,11/24/15,H,FC Barcelona,AS Roma,6:1,RW ,18,2:0,Left-footed shot,Luis Suarez,2015,November
419,15/16,UEFA Champions League,Group Stage,11/24/15,H,FC Barcelona,AS Roma,6:1,RW ,60,5:0,Tap-in,,2015,November
420,15/16,LaLiga,13,11/28/15,H,FC Barcelona,Real Sociedad,4:0,RW,90+1,4:0,Left-footed shot,Neymar,2015,November
421,15/16,UEFA Champions League,Group Stage,12/9/15,A,FC Barcelona,Bayer 04 Leverkusen,1:1,CF ,20,0:1,Right-footed shot,Ivan Rakitic,2015,December
422,15/16,LaLiga,15,12/12/15,H,FC Barcelona,Deportivo de La Coruaa,2:2,RW,39,1:0,Direct free kick,,2015,December
423,15/16,FIFA Club World Cup,Final,12/20/15,A,FC Barcelona,CA River Plate,0:3,RW,36,0:1,Left-footed shot,Neymar,2015,December
424,15/16,LaLiga,17,12/30/15,H,FC Barcelona,Real Betis Balompie,4:0,RW ,33,2:0,Right-footed shot,Neymar,2015,December
425,15/16,Copa del Rey,Last 16,1/6/16,H,FC Barcelona,RCD Espanyol Barcelona,4:1,RW,13,1:1,Left-footed shot,Andres Iniesta,2016,January
426,15/16,Copa del Rey,Last 16,1/6/16,H,FC Barcelona,RCD Espanyol Barcelona,4:1,RW,44,2:1,Direct free kick,,2016,January
427,15/16,LaLiga,19,1/9/16,H,FC Barcelona,Granada CF,4:0,RW ,8,1:0,Left-footed shot,Arda Turan,2016,January
428,15/16,LaLiga,19,1/9/16,H,FC Barcelona,Granada CF,4:0,RW ,14,2:0,Left-footed shot,Luis Suarez,2016,January
429,15/16,LaLiga,19,1/9/16,H,FC Barcelona,Granada CF,4:0,RW ,58,3:0,Tap-in,,2016,January
430,15/16,LaLiga,20,1/17/16,H,FC Barcelona,Athletic Bilbao,6:0,RW,7,1:0,Penalty,,2016,January
431,15/16,LaLiga,21,1/23/16,A,FC Barcelona,Malaga CF,1:2,RW,51,1:2,Left-footed shot,Adriano,2016,January
432,15/16,LaLiga,22,1/30/16,H,FC Barcelona,Atletico de Madrid,2:1,RW,30,1:1,Left-footed shot,Jordi Alba,2016,January
433,15/16,Copa del Rey,Semi-Finals,2/3/16,H,FC Barcelona,Valencia CF,7:0,RW,29,3:0,Left-footed shot,Neymar,2016,February
434,15/16,Copa del Rey,Semi-Finals,2/3/16,H,FC Barcelona,Valencia CF,7:0,RW,59,4:0,Left-footed shot,Luis Suarez,2016,February
435,15/16,Copa del Rey,Semi-Finals,2/3/16,H,FC Barcelona,Valencia CF,7:0,RW,74,5:0,Left-footed shot,,2016,February
436,15/16,LaLiga,24,2/14/16,H,FC Barcelona,Celta de Vigo,6:1,RW,28,1:0,Direct free kick,,2016,February
437,15/16,LaLiga,16,2/17/16,A,FC Barcelona,Sporting GijÃ³n,1:3,RW ,25,0:1,Left-footed shot,Luis Suarez,2016,February
438,15/16,LaLiga,16,2/17/16,A,FC Barcelona,Sporting GijÃ³n,1:3,RW ,31,1:2,Left-footed shot,Luis Suarez,2016,February
439,15/16,UEFA Champions League,Last 16,2/23/16,A,FC Barcelona,Arsenal FC,0:2,RW,71,0:1,Left-footed shot,Neymar,2016,February
440,15/16,UEFA Champions League,Last 16,2/23/16,A,FC Barcelona,Arsenal FC,0:2,RW,83,0:2,Penalty,,2016,February
441,15/16,LaLiga,26,2/28/16,H,FC Barcelona,Sevilla FC,2:1,RW ,31,1:1,Direct free kick,,2016,February
442,15/16,LaLiga,27,3/3/16,A,FC Barcelona,Rayo Vallecano,1:5,RW,23,0:2,Left-footed shot,Neymar,2016,March
443,15/16,LaLiga,27,3/3/16,A,FC Barcelona,Rayo Vallecano,1:5,RW,53,0:3,Left-footed shot,,2016,March
444,15/16,LaLiga,27,3/3/16,A,FC Barcelona,Rayo Vallecano,1:5,RW,72,1:4,Left-footed shot,Sergio Busquets,2016,March
445,15/16,LaLiga,28,3/6/16,A,FC Barcelona,SD Eibar,0:4,RW ,42,0:2,Left-footed shot,Munir El Haddadi,2016,March
446,15/16,LaLiga,28,3/6/16,A,FC Barcelona,SD Eibar,0:4,RW ,76,0:3,Penalty,,2016,March
447,15/16,LaLiga,29,3/12/16,H,FC Barcelona,Getafe CF,6:0,CF,41,4:0,Left-footed shot,Arda Turan,2016,March
448,15/16,UEFA Champions League,Last 16,3/16/16,H,FC Barcelona,Arsenal FC,3:1,RW,86,3:1,Left-footed shot,Neymar,2016,March
449,15/16,LaLiga,33,4/17/16,H,FC Barcelona,Valencia CF,1:2,RW,63,1:2,Left-footed shot,Jordi Alba,2016,April
450,15/16,LaLiga,34,4/20/16,A,FC Barcelona,Deportivo de La Coruaa,0:8,RW,73,0:6,Left-footed shot,Luis Suarez,2016,April
451,15/16,LaLiga,35,4/23/16,H,FC Barcelona,Sporting GijÃ³n,6:0,RW,13,1:0,Header,,2016,April
452,15/16,LaLiga,37,5/8/16,H,FC Barcelona,RCD Espanyol Barcelona,5:0,RW,8,1:0,Direct free kick,,2016,May
453,16/17,Supercopa,Final,8/17/16,H,FC Barcelona,Sevilla FC,3:0,RW ,55,3:0,Header,Lucas Digne,2016,August
454,16/17,LaLiga,1,8/20/16,H,FC Barcelona,Real Betis Balompie,6:2,RW ,37,2:1,Left-footed shot,Sergi Roberto,2016,August
455,16/17,LaLiga,1,8/20/16,H,FC Barcelona,Real Betis Balompie,6:2,RW ,58,5:1,Left-footed shot,Arda Turan,2016,August
456,16/17,UEFA Champions League,Group Stage,9/13/16,H,FC Barcelona,Celtic FC,7:0,RW ,3,1:0,Left-footed shot,Neymar,2016,September
457,16/17,UEFA Champions League,Group Stage,9/13/16,H,FC Barcelona,Celtic FC,7:0,RW ,27,2:0,Left-footed shot,Neymar,2016,September
458,16/17,UEFA Champions League,Group Stage,9/13/16,H,FC Barcelona,Celtic FC,7:0,RW ,60,5:0,Left-footed shot,Luis Suarez,2016,September
459,16/17,LaLiga,4,9/17/16,A,FC Barcelona,CD Leganes,1:5,RW,15,0:1,Left-footed shot,Luis Suarez,2016,September
460,16/17,LaLiga,4,9/17/16,A,FC Barcelona,CD Leganes,1:5,RW,55,0:4,Penalty,,2016,September
461,16/17,LaLiga,8,10/15/16,H,FC Barcelona,Deportivo de La Coruaa,4:0,RW,58,4:0,Left-footed shot,Neymar,2016,October
462,16/17,UEFA Champions League,Group Stage,10/19/16,H,FC Barcelona,Manchester City,4:0,RW,17,1:0,Left-footed shot,Andres Iniesta,2016,October
463,16/17,UEFA Champions League,Group Stage,10/19/16,H,FC Barcelona,Manchester City,4:0,RW,61,2:0,Left-footed shot,Andres Iniesta,2016,October
464,16/17,UEFA Champions League,Group Stage,10/19/16,H,FC Barcelona,Manchester City,4:0,RW,69,3:0,Left-footed shot,Luis Suarez,2016,October
465,16/17,LaLiga,9,10/22/16,A,FC Barcelona,Valencia CF,2:3,RW,22,0:1,Left-footed shot,Ivan Rakitic,2016,October
466,16/17,LaLiga,9,10/22/16,A,FC Barcelona,Valencia CF,2:3,RW,90+4,2:3,Penalty,,2016,October
467,16/17,UEFA Champions League,Group Stage,11/1/16,A,FC Barcelona,Manchester City,3:1,RW ,21,0:1,Left-footed shot,Neymar,2016,November
468,16/17,LaLiga,11,11/6/16,A,FC Barcelona,Sevilla FC,1:2,RW ,43,1:1,Left-footed shot,Neymar,2016,November
469,16/17,UEFA Champions League,Group Stage,11/23/16,A,FC Barcelona,Celtic FC,0:2,RW ,24,0:1,Left-footed shot,Neymar,2016,November
470,16/17,UEFA Champions League,Group Stage,11/23/16,A,FC Barcelona,Celtic FC,0:2,RW ,55,0:2,Penalty,,2016,November
471,16/17,LaLiga,13,11/27/16,A,FC Barcelona,Real Sociedad,1:1,RW ,59,1:1,Left-footed shot,Neymar,2016,November
472,16/17,UEFA Champions League,Group Stage,12/6/16,H,FC Barcelona,Borussia MÃ¶nchengladbach,4:0,RW,16,1:0,Left-footed shot,Arda Turan,2016,December
473,16/17,LaLiga,15,12/10/16,A,FC Barcelona,CA Osasuna,0:3,RW,72,0:2,Left-footed shot,Jordi Alba,2016,December
474,16/17,LaLiga,15,12/10/16,A,FC Barcelona,CA Osasuna,0:3,RW,90+2,0:3,Left-footed shot,Sergio Busquets,2016,December
475,16/17,LaLiga,16,12/18/16,H,FC Barcelona,RCD Espanyol Barcelona,4:1,RW,90,4:1,Left-footed shot,Luis Suarez,2016,December
476,16/17,Copa del Rey,Last 16,1/5/17,A,FC Barcelona,Athletic Bilbao,2:1,RW,52,2:1,Direct free kick,,2017,January
477,16/17,LaLiga,17,1/8/17,A,FC Barcelona,Villarreal CF,1:1,RW,90,1:1,Direct free kick,,2017,January
478,16/17,Copa del Rey,Last 16,1/11/17,H,FC Barcelona,Athletic Bilbao,3:1,RW,78,3:1,Direct free kick,,2017,January
479,16/17,LaLiga,18,1/14/17,H,FC Barcelona,UD Las Palmas,5:0,RW ,52,2:0,Right-footed shot,,2017,January
480,16/17,LaLiga,19,1/22/17,A,FC Barcelona,SD Eibar,0:4,RW ,50,0:2,Left-footed shot,Luis Suarez,2017,January
481,16/17,Copa del Rey,Quarter-Finals,1/26/17,H,FC Barcelona,Real Sociedad,5:2,RW ,55,2:0,Penalty,,2017,January
482,16/17,Copa del Rey,Semi-Finals,2/1/17,A,FC Barcelona,Atletico de Madrid,1:2,RW ,33,0:2,Left-footed shot,Ivan Rakitic,2017,February
483,16/17,LaLiga,21,2/4/17,H,FC Barcelona,Athletic Bilbao,3:0,RW ,40,2:0,Direct free kick,,2017,February
484,16/17,LaLiga,22,2/11/17,A,FC Barcelona,Deportivo Alaves,0:6,RW ,59,0:3,Left-footed shot,Neymar,2017,February
485,16/17,LaLiga,23,2/19/17,H,FC Barcelona,CD Leganes,2:1,RW,4,1:0,Right-footed shot,Luis Suarez,2017,February
486,16/17,LaLiga,23,2/19/17,H,FC Barcelona,CD Leganes,2:1,RW,90,2:1,Penalty,,2017,February
487,16/17,LaLiga,24,2/26/17,A,FC Barcelona,Atletico de Madrid,1:2,RW,86,1:2,Left-footed shot,,2017,February
488,16/17,LaLiga,25,3/1/17,H,FC Barcelona,Sporting GijÃ³n,6:1,RW ,9,1:0,Header,Javier Mascherano,2017,March
489,16/17,LaLiga,26,3/4/17,H,FC Barcelona,Celta de Vigo,5:0,AM ,24,1:0,Left-footed shot,Sergio Busquets,2017,March
490,16/17,LaLiga,26,3/4/17,H,FC Barcelona,Celta de Vigo,5:0,AM ,64,5:0,Left-footed shot,,2017,March
491,16/17,UEFA Champions League,Last 16,3/8/17,H,FC Barcelona,Paris Saint-Germain,6:1,AM,50,3:0,Penalty,,2017,March
492,16/17,LaLiga,28,3/19/17,H,FC Barcelona,Valencia CF,4:2,AM,45,2:1,Penalty,,2017,March
493,16/17,LaLiga,28,3/19/17,H,FC Barcelona,Valencia CF,4:2,AM,53,3:2,Right-footed shot,Javier Mascherano,2017,March
494,16/17,LaLiga,30,4/5/17,H,FC Barcelona,Sevilla FC,3:0,RW,28,2:0,Right-footed shot,Luis Suarez,2017,April
495,16/17,LaLiga,30,4/5/17,H,FC Barcelona,Sevilla FC,3:0,RW,33,3:0,Left-footed shot,,2017,April
496,16/17,LaLiga,32,4/15/17,H,FC Barcelona,Real Sociedad,3:2,RW ,17,1:0,Left-footed shot,Luis Suarez,2017,April
497,16/17,LaLiga,32,4/15/17,H,FC Barcelona,Real Sociedad,3:2,RW ,37,2:0,Tap-in,,2017,April
498,16/17,LaLiga,33,4/23/17,A,FC Barcelona,Real Madrid,2:3,RW,33,1:1,Left-footed shot,Ivan Rakitic,2017,April
499,16/17,LaLiga,33,4/23/17,A,FC Barcelona,Real Madrid,2:3,RW,90+2,2:3,Left-footed shot,Jordi Alba,2017,April
500,16/17,LaLiga,34,4/26/17,H,FC Barcelona,CA Osasuna,7:1,AM ,12,1:0,Left-footed shot,,2017,April
501,16/17,LaLiga,34,4/26/17,H,FC Barcelona,CA Osasuna,7:1,AM ,61,4:1,Left-footed shot,Ivan Rakitic,2017,April
502,16/17,LaLiga,36,5/6/17,H,FC Barcelona,Villarreal CF,4:1,RW,45,2:1,Left-footed shot,Sergio Busquets,2017,May
503,16/17,LaLiga,36,5/6/17,H,FC Barcelona,Villarreal CF,4:1,RW,82,4:1,Penalty,,2017,May
504,16/17,LaLiga,38,5/21/17,H,FC Barcelona,SD Eibar,4:2,RW,75,3:2,Penalty,,2017,May
505,16/17,LaLiga,38,5/21/17,H,FC Barcelona,SD Eibar,4:2,RW,90+2,4:2,Right-footed shot,,2017,May
506,16/17,Copa del Rey,Final,5/27/17,H,FC Barcelona,Deportivo Alaves,3:1,RW,30,1:0,Left-footed shot,Neymar,2017,May
507,17/18,Supercopa,Final,8/13/17,H,FC Barcelona,Real Madrid,1:3,RW,77,1:1,Penalty,,2017,August
508,17/18,LaLiga,2,8/26/17,A,FC Barcelona,Deportivo Alaves,0:2,CF,55,0:1,Left-footed shot,Jordi Alba,2017,August
509,17/18,LaLiga,2,8/26/17,A,FC Barcelona,Deportivo Alaves,0:2,CF,66,0:2,Left-footed shot,Paco Alcacer,2017,August
510,17/18,LaLiga,3,9/9/17,H,FC Barcelona,RCD Espanyol Barcelona,5:0,CF,26,1:0,Left-footed shot,Ivan Rakitic,2017,September
511,17/18,LaLiga,3,9/9/17,H,FC Barcelona,RCD Espanyol Barcelona,5:0,CF,35,2:0,Right-footed shot,Jordi Alba,2017,September
512,17/18,LaLiga,3,9/9/17,H,FC Barcelona,RCD Espanyol Barcelona,5:0,CF,67,3:0,Left-footed shot,Jordi Alba,2017,September
513,17/18,UEFA Champions League,Group Stage,9/12/17,H,FC Barcelona,Juventus FC,3:0,CF,45,1:0,Left-footed shot,Luis Suarez,2017,September
514,17/18,UEFA Champions League,Group Stage,9/12/17,H,FC Barcelona,Juventus FC,3:0,CF,69,3:0,Left-footed shot,,2017,September
515,17/18,LaLiga,5,9/19/17,H,FC Barcelona,SD Eibar,6:1,CF,21,1:0,Penalty,,2017,September
516,17/18,LaLiga,5,9/19/17,H,FC Barcelona,SD Eibar,6:1,CF,59,4:1,Left-footed shot,Sergio Busquets,2017,September
517,17/18,LaLiga,5,9/19/17,H,FC Barcelona,SD Eibar,6:1,CF,62,5:1,Left-footed shot,Paulinho,2017,September
518,17/18,LaLiga,5,9/19/17,H,FC Barcelona,SD Eibar,6:1,CF,87,6:1,Left-footed shot,Aleix Vidal,2017,September
519,17/18,LaLiga,7,10/1/17,H,FC Barcelona,UD Las Palmas,3:0,SS,70,2:0,Left-footed shot,Denis Suarez,2017,October
520,17/18,LaLiga,7,10/1/17,H,FC Barcelona,UD Las Palmas,3:0,SS,77,3:0,Left-footed shot,Luis Suarez,2017,October
521,17/18,UEFA Champions League,Group Stage,10/18/17,H,FC Barcelona,Olympiacos Piraeus,3:1,CF,61,2:0,Direct free kick,,2017,October
522,17/18,LaLiga,10,10/28/17,A,FC Barcelona,Athletic Bilbao,0:2,SS ,37,0:1,Left-footed shot,Jordi Alba,2017,October
523,17/18,LaLiga,14,12/2/17,H,FC Barcelona,Celta de Vigo,2:2,SS,22,1:1,Left-footed shot,Paulinho,2017,December
524,17/18,LaLiga,15,12/10/17,A,FC Barcelona,Villarreal CF,0:2,RW ,83,0:2,Left-footed shot,Sergio Busquets,2017,December
525,17/18,LaLiga,17,12/23/17,A,FC Barcelona,Real Madrid,0:3,SS,64,0:2,Penalty,,2017,December
526,17/18,LaLiga,18,1/7/18,H,FC Barcelona,Levante UD,3:0,SS,12,1:0,Left-footed shot,Jordi Alba,2018,January
527,17/18,Copa del Rey,Last 16,1/11/18,H,FC Barcelona,Celta de Vigo,5:0,SS,13,1:0,Left-footed shot,Jordi Alba,2018,January
528,17/18,Copa del Rey,Last 16,1/11/18,H,FC Barcelona,Celta de Vigo,5:0,SS,15,2:0,Left-footed shot,Jordi Alba,2018,January
529,17/18,LaLiga,19,1/14/18,A,FC Barcelona,Real Sociedad,2:4,SS ,85,2:4,Direct free kick,,2018,January
530,17/18,LaLiga,20,1/21/18,A,FC Barcelona,Real Betis Balompie,0:5,SS ,64,0:2,Left-footed shot,Sergio Busquets,2018,January
531,17/18,LaLiga,20,1/21/18,A,FC Barcelona,Real Betis Balompie,0:5,SS ,80,0:4,Left-footed shot,Luis Suarez,2018,January
532,17/18,Copa del Rey,Quarter-Finals,1/25/18,H,FC Barcelona,RCD Espanyol Barcelona,2:0,SS,25,2:0,Deflected shot on goal,,2018,January
533,17/18,LaLiga,21,1/28/18,H,FC Barcelona,Deportivo Alaves,2:1,SS,84,2:1,Direct free kick,,2018,January
534,17/18,UEFA Champions League,Last 16,2/20/18,A,FC Barcelona,Chelsea FC,1:1,SS,75,1:1,Left-footed shot,Andres Iniesta,2018,February
535,17/18,LaLiga,25,2/24/18,H,FC Barcelona,Girona FC,6:1,SS ,30,2:1,Left-footed shot,Luis Suarez,2018,February
536,17/18,LaLiga,25,2/24/18,H,FC Barcelona,Girona FC,6:1,SS ,36,3:1,Direct free kick,,2018,February
537,17/18,LaLiga,26,3/1/18,A,FC Barcelona,UD Las Palmas,1:1,SS,21,0:1,Direct free kick,,2018,March
538,17/18,LaLiga,27,3/4/18,H,FC Barcelona,Atletico de Madrid,1:0,SS,26,1:0,Direct free kick,,2018,March
539,17/18,UEFA Champions League,Last 16,3/14/18,H,FC Barcelona,Chelsea FC,3:0,SS,3,1:0,Right-footed shot,Luis Suarez,2018,March
540,17/18,UEFA Champions League,Last 16,3/14/18,H,FC Barcelona,Chelsea FC,3:0,SS,63,3:0,Left-footed shot,Luis Suarez,2018,March
541,17/18,LaLiga,29,3/18/18,H,FC Barcelona,Athletic Bilbao,2:0,SS ,30,2:0,Left-footed shot,Ousmane Dembele,2018,March
542,17/18,LaLiga,30,3/31/18,A,FC Barcelona,Sevilla FC,2:2,RW,89,2:2,Left-footed shot,Philippe Coutinho,2018,March
543,17/18,LaLiga,31,4/7/18,H,FC Barcelona,CD Leganes,3:1,SS ,27,1:0,Direct free kick,,2018,April
544,17/18,LaLiga,31,4/7/18,H,FC Barcelona,CD Leganes,3:1,SS ,32,2:0,Left-footed shot,Philippe Coutinho,2018,April
545,17/18,LaLiga,31,4/7/18,H,FC Barcelona,CD Leganes,3:1,SS ,87,3:1,Left-footed shot,Ousmane Dembele,2018,April
546,17/18,Copa del Rey,Final,4/21/18,A,FC Barcelona,Sevilla FC,0:5,SS,31,0:2,Left-footed shot,Jordi Alba,2018,April
547,17/18,LaLiga,35,4/29/18,A,FC Barcelona,Deportivo de La Coruaa,2:4,CF ,38,0:2,Left-footed shot,Luis Suarez,2018,April
548,17/18,LaLiga,35,4/29/18,A,FC Barcelona,Deportivo de La Coruaa,2:4,CF ,82,2:3,Right-footed shot,Luis Suarez,2018,April
549,17/18,LaLiga,35,4/29/18,A,FC Barcelona,Deportivo de La Coruaa,2:4,CF ,85,2:4,Left-footed shot,Luis Suarez,2018,April
550,17/18,LaLiga,36,5/6/18,H,FC Barcelona,Real Madrid,2:2,SS,52,2:1,Left-footed shot,Luis Suarez,2018,May
551,17/18,LaLiga,34,5/9/18,H,FC Barcelona,Villarreal CF,5:1,CF,45,3:0,Left-footed shot,Andres Iniesta,2018,May
552,18/19,LaLiga,1,8/18/18,H,FC Barcelona,Deportivo Alaves,3:0,RW ,64,1:0,Direct free kick,,2018,August
553,18/19,LaLiga,1,8/18/18,H,FC Barcelona,Deportivo Alaves,3:0,RW ,90+2,3:0,Left-footed shot,Luis Suarez,2018,August
554,18/19,LaLiga,3,9/2/18,H,FC Barcelona,SD Huesca,8:2,RW ,16,1:1,Right-footed shot,Ivan Rakitic,2018,September
555,18/19,LaLiga,3,9/2/18,H,FC Barcelona,SD Huesca,8:2,RW ,61,6:2,Left-footed shot,Philippe Coutinho,2018,September
556,18/19,UEFA Champions League,Group Stage,9/18/18,H,FC Barcelona,PSV Eindhoven,4:0,RW ,31,1:0,Direct free kick,,2018,September
557,18/19,UEFA Champions League,Group Stage,9/18/18,H,FC Barcelona,PSV Eindhoven,4:0,RW ,77,3:0,Left-footed shot,Ivan Rakitic,2018,September
558,18/19,UEFA Champions League,Group Stage,9/18/18,H,FC Barcelona,PSV Eindhoven,4:0,RW ,87,4:0,Right-footed shot,Luis Suarez,2018,September
559,18/19,LaLiga,5,9/23/18,H,FC Barcelona,Girona FC,2:2,RW ,19,1:0,Left-footed shot,Arturo Vidal,2018,September
560,18/19,UEFA Champions League,Group Stage,10/3/18,A,FC Barcelona,Tottenham Hotspur,2:4,RW ,56,1:3,Left-footed shot,Jordi Alba,2018,October
561,18/19,UEFA Champions League,Group Stage,10/3/18,A,FC Barcelona,Tottenham Hotspur,2:4,RW ,90,2:4,Left-footed shot,Jordi Alba,2018,October
562,18/19,LaLiga,8,10/7/18,A,FC Barcelona,Valencia CF,1:1,RW ,23,1:1,Left-footed shot,Luis Suarez,2018,October
563,18/19,LaLiga,9,10/20/18,H,FC Barcelona,Sevilla FC,4:2,RW ,12,2:0,Left-footed shot,Luis Suarez,2018,October
564,18/19,LaLiga,12,11/11/18,H,FC Barcelona,Real Betis Balompie,3:4,SS ,68,1:2,Penalty,,2018,November
565,18/19,LaLiga,12,11/11/18,H,FC Barcelona,Real Betis Balompie,3:4,SS ,90+4,3:4,Left-footed shot,Arturo Vidal,2018,November
566,18/19,UEFA Champions League,Group Stage,11/28/18,A,FC Barcelona,PSV Eindhoven,1:2,CF ,61,0:1,Left-footed shot,Ousmane Dembele,2018,November
567,18/19,LaLiga,15,12/8/18,A,FC Barcelona,RCD Espanyol Barcelona,0:4,RW ,17,0:1,Direct free kick,,2018,December
568,18/19,LaLiga,15,12/8/18,A,FC Barcelona,RCD Espanyol Barcelona,0:4,RW ,65,0:4,Direct free kick,,2018,December
569,18/19,LaLiga,16,12/16/18,A,FC Barcelona,Levante UD,0:5,SS ,43,0:2,Right-footed shot,Sergio Busquets,2018,December
570,18/19,LaLiga,16,12/16/18,A,FC Barcelona,Levante UD,0:5,SS ,47,0:3,Left-footed shot,,2018,December
571,18/19,LaLiga,16,12/16/18,A,FC Barcelona,Levante UD,0:5,SS ,60,0:4,Left-footed shot,Arturo Vidal,2018,December
572,18/19,LaLiga,17,12/22/18,H,FC Barcelona,Celta de Vigo,2:0,RW ,45,2:0,Left-footed shot,Jordi Alba,2018,December
573,18/19,LaLiga,18,1/6/19,A,FC Barcelona,Getafe CF,1:2,RW ,20,0:1,Left-footed shot,,2019,January
574,18/19,LaLiga,19,1/13/19,H,FC Barcelona,SD Eibar,3:0,RW ,53,2:0,Left-footed shot,Luis Suarez,2019,January
575,18/19,Copa del Rey,Last 16,1/17/19,H,FC Barcelona,Levante UD,3:0,CF ,54,3:0,Left-footed shot,Nelson Semedo,2019,January
576,18/19,LaLiga,20,1/20/19,H,FC Barcelona,CD Leganes,3:1,SS,90+2,3:1,Right-footed shot,Jordi Alba,2019,January
577,18/19,LaLiga,21,1/27/19,A,FC Barcelona,Girona FC,0:2,RW ,69,0:2,Left-footed shot,Jordi Alba,2019,January
578,18/19,Copa del Rey,Quarter-Finals,1/30/19,H,FC Barcelona,Sevilla FC,6:1,RW ,90+2,6:1,Left-footed shot,Jordi Alba,2019,January
579,18/19,LaLiga,22,2/2/19,H,FC Barcelona,Valencia CF,2:2,RW ,39,1:2,Penalty,,2019,February
580,18/19,LaLiga,22,2/2/19,H,FC Barcelona,Valencia CF,2:2,RW ,64,2:2,Left-footed shot,Arturo Vidal,2019,February
581,18/19,LaLiga,24,2/16/19,H,FC Barcelona,Real Valladolid CF,1:0,RW ,43,1:0,Penalty,,2019,February
582,18/19,LaLiga,25,2/23/19,A,FC Barcelona,Sevilla FC,2:4,RW ,26,1:1,Left-footed shot,Ivan Rakitic,2019,February
583,18/19,LaLiga,25,2/23/19,A,FC Barcelona,Sevilla FC,2:4,RW ,67,2:2,Right-footed shot,Ousmane Dembele,2019,February
584,18/19,LaLiga,25,2/23/19,A,FC Barcelona,Sevilla FC,2:4,RW ,85,2:3,Left-footed shot,,2019,February
585,18/19,LaLiga,27,3/9/19,H,FC Barcelona,Rayo Vallecano,3:1,RW ,51,2:1,Penalty,,2019,March
586,18/19,UEFA Champions League,Last 16,3/13/19,H,FC Barcelona,Olympique Lyon,5:1,RW ,18,1:0,Penalty,,2019,March
587,18/19,UEFA Champions League,Last 16,3/13/19,H,FC Barcelona,Olympique Lyon,5:1,RW ,78,3:1,Right-footed shot,Sergio Busquets,2019,March
588,18/19,LaLiga,28,3/17/19,A,FC Barcelona,Real Betis Balompie,1:4,SS ,18,0:1,Direct free kick,,2019,March
589,18/19,LaLiga,28,3/17/19,A,FC Barcelona,Real Betis Balompie,1:4,SS ,45+2,0:2,Left-footed shot,Luis Suarez,2019,March
590,18/19,LaLiga,28,3/17/19,A,FC Barcelona,Real Betis Balompie,1:4,SS ,85,1:4,Left-footed shot,Ivan Rakitic,2019,March
591,18/19,LaLiga,29,3/30/19,H,FC Barcelona,RCD Espanyol Barcelona,2:0,RW ,71,1:0,Direct free kick,,2019,March
592,18/19,LaLiga,29,3/30/19,H,FC Barcelona,RCD Espanyol Barcelona,2:0,RW ,89,2:0,Left-footed shot,Malcom,2019,March
593,18/19,LaLiga,30,4/2/19,A,FC Barcelona,Villarreal CF,4:4,RW,90,4:3,Direct free kick,,2019,April
594,18/19,LaLiga,31,4/6/19,H,FC Barcelona,Atletico de Madrid,2:0,SS ,87,2:0,Left-footed shot,,2019,April
595,18/19,UEFA Champions League,Quarter-Finals,4/16/19,H,FC Barcelona,Manchester United,3:0,RW ,16,1:0,Left-footed shot,,2019,April
596,18/19,UEFA Champions League,Quarter-Finals,4/16/19,H,FC Barcelona,Manchester United,3:0,RW ,20,2:0,Right-footed shot,,2019,April
597,18/19,LaLiga,35,4/27/19,H,FC Barcelona,Levante UD,1:0,RW,62,1:0,Left-footed shot,Arturo Vidal,2019,April
598,18/19,UEFA Champions League,Semi-Finals,5/1/19,H,FC Barcelona,Liverpool FC,3:0,RW ,75,2:0,Left-footed shot,Luis Suarez,2019,May
599,18/19,UEFA Champions League,Semi-Finals,5/1/19,H,FC Barcelona,Liverpool FC,3:0,RW ,82,3:0,Direct free kick,,2019,May
600,18/19,LaLiga,38,5/19/19,A,FC Barcelona,SD Eibar,2:2,CF ,31,1:1,Left-footed shot,Arturo Vidal,2019,May
601,18/19,LaLiga,38,5/19/19,A,FC Barcelona,SD Eibar,2:2,CF ,32,1:2,Left-footed shot,Ivan Rakitic,2019,May
602,18/19,Copa del Rey,Final,5/25/19,H,FC Barcelona,Valencia CF,1:2,CF ,73,1:2,Left-footed shot,Clement Lenglet,2019,May
603,19/20,LaLiga,8,10/6/19,H,FC Barcelona,Sevilla FC,4:0,RW ,78,4:0,Direct free kick,,2019,October
604,19/20,LaLiga,9,10/19/19,A,FC Barcelona,SD Eibar,0:3,RW ,58,0:2,Left-footed shot,Antoine Griezmann,2019,October
605,19/20,UEFA Champions League,Group Stage,10/23/19,A,FC Barcelona,SK Slavia Prague,1:2,RW ,3,0:1,Left-footed shot,Arthur,2019,October
606,19/20,LaLiga,11,10/29/19,H,FC Barcelona,Real Valladolid CF,5:1,RW ,34,3:1,Direct free kick,,2019,October
607,19/20,LaLiga,11,10/29/19,H,FC Barcelona,Real Valladolid CF,5:1,RW ,75,4:1,Left-footed shot,Ivan Rakitic,2019,October
608,19/20,LaLiga,12,11/2/19,A,FC Barcelona,Levante UD,3:1,RW ,38,0:1,Penalty,,2019,November
609,19/20,LaLiga,13,11/9/19,H,FC Barcelona,Celta de Vigo,4:1,RW ,23,1:0,Penalty,,2019,November
610,19/20,LaLiga,13,11/9/19,H,FC Barcelona,Celta de Vigo,4:1,RW ,45+1,2:1,Direct free kick,,2019,November
611,19/20,LaLiga,13,11/9/19,H,FC Barcelona,Celta de Vigo,4:1,RW ,48,3:1,Direct free kick,,2019,November
612,19/20,UEFA Champions League,Group Stage,11/27/19,H,FC Barcelona,Borussia Dortmund,3:1,RW ,33,2:0,Left-footed shot,Luis Suarez,2019,November
613,19/20,LaLiga,15,12/1/19,A,FC Barcelona,Atletico de Madrid,0:1,RW ,86,0:1,Left-footed shot,Luis Suarez,2019,December
614,19/20,LaLiga,16,12/7/19,H,FC Barcelona,RCD Mallorca,5:2,RW ,17,2:0,Left-footed shot,Antoine Griezmann,2019,December
615,19/20,LaLiga,16,12/7/19,H,FC Barcelona,RCD Mallorca,5:2,RW ,41,3:1,Left-footed shot,Ivan Rakitic,2019,December
616,19/20,LaLiga,16,12/7/19,H,FC Barcelona,RCD Mallorca,5:2,RW ,83,5:2,Left-footed shot,Luis Suarez,2019,December
617,19/20,LaLiga,18,12/21/19,H,FC Barcelona,Deportivo Alaves,4:1,RW ,69,3:1,Left-footed shot,Luis Suarez,2019,December
618,19/20,Supercopa,Semi-Finals,1/9/20,H,FC Barcelona,Atletico de Madrid,2:3,RW ,51,1:1,Right-footed shot,Luis Suarez,2020,January
619,19/20,LaLiga,20,1/19/20,H,FC Barcelona,Granada CF,1:0,CF ,76,1:0,Right-footed shot,Arturo Vidal,2020,January
620,19/20,Copa del Rey,Last 16,1/30/20,H,FC Barcelona,CD Leganes,5:0,RW ,59,3:0,Left-footed shot,Frenkie de Jong,2020,January
621,19/20,Copa del Rey,Last 16,1/30/20,H,FC Barcelona,CD Leganes,5:0,RW ,89,5:0,Left-footed shot,Ivan Rakitic,2020,January
622,19/20,LaLiga,25,2/22/20,H,FC Barcelona,SD Eibar,5:0,SS ,14,1:0,Left-footed shot,Ivan Rakitic,2020,February
623,19/20,LaLiga,25,2/22/20,H,FC Barcelona,SD Eibar,5:0,SS ,37,2:0,Left-footed shot,Arturo Vidal,2020,February
624,19/20,LaLiga,25,2/22/20,H,FC Barcelona,SD Eibar,5:0,SS ,40,3:0,Left-footed shot,,2020,February
625,19/20,LaLiga,25,2/22/20,H,FC Barcelona,SD Eibar,5:0,SS ,87,4:0,Left-footed shot,,2020,February
626,19/20,LaLiga,27,3/7/20,H,FC Barcelona,Real Sociedad,1:0,CF ,81,1:0,Penalty,,2020,March
627,19/20,LaLiga,28,6/13/20,A,FC Barcelona,RCD Mallorca,0:4,RW ,90+3,0:4,Right-footed shot,Luis Suarez,2020,June
628,19/20,LaLiga,29,6/16/20,H,FC Barcelona,CD Leganes,2:0,RW ,69,2:0,Penalty,,2020,June
629,19/20,LaLiga,33,6/30/20,H,FC Barcelona,Atletico de Madrid,2:2,SS ,50,2:1,Penalty,,2020,June
630,19/20,LaLiga,37,7/16/20,H,FC Barcelona,CA Osasuna,1:2,RW ,62,1:1,Direct free kick,,2020,July
631,19/20,LaLiga,38,7/19/20,A,FC Barcelona,Deportivo Alaves,0:5,RW ,34,0:2,Left-footed shot,Riqui Puig,2020,July
632,19/20,LaLiga,38,7/19/20,A,FC Barcelona,Deportivo Alaves,0:5,RW ,75,0:5,Left-footed shot,Jordi Alba,2020,July
633,19/20,UEFA Champions League,Last 16,8/8/20,H,FC Barcelona,SSC Napoli,3:1,SS ,23,2:0,Left-footed shot,,2020,August
634,20/21,LaLiga,3,9/27/20,H,FC Barcelona,Villarreal CF,4:0,CF ,35,3:0,Penalty,,2020,September
635,20/21,UEFA Champions League,Group Stage,10/20/20,H,FC Barcelona,Ferencvarosi TC,5:1,CF ,27,1:0,Penalty,,2020,October
636,20/21,UEFA Champions League,Group Stage,10/28/20,A,FC Barcelona,Juventus FC,0:2,CF ,90+1,0:2,Penalty,,2020,October
637,20/21,UEFA Champions League,Group Stage,11/4/20,H,FC Barcelona,Dynamo Kyiv,2:1,RW ,5,1:0,Penalty,,2020,November
638,20/21,LaLiga,9,11/7/20,H,FC Barcelona,Real Betis Balompie,5:2,CF,61,3:1,Penalty,,2020,November
639,20/21,LaLiga,9,11/7/20,H,FC Barcelona,Real Betis Balompie,5:2,CF,82,4:2,Left-footed shot,Sergi Roberto,2020,November
640,20/21,LaLiga,11,11/29/20,H,FC Barcelona,CA Osasuna,4:0,RW ,73,4:0,Left-footed shot,Francisco TrincÃ£o,2020,November
641,20/21,LaLiga,13,12/13/20,H,FC Barcelona,Levante UD,1:0,CF ,76,1:0,Left-footed shot,Frenkie de Jong,2020,December
642,20/21,LaLiga,14,12/19/20,H,FC Barcelona,Valencia CF,2:2,CF ,45+4,1:1,Header,,2020,December
643,20/21,LaLiga,15,12/22/20,A,FC Barcelona,Real Valladolid CF,0:3,AM ,65,0:3,Left-footed shot,Pedri,2020,December
644,20/21,LaLiga,2,1/6/21,A,FC Barcelona,Athletic Bilbao,2:3,CF ,38,1:2,Left-footed shot,Pedri,2021,January
645,20/21,LaLiga,2,1/6/21,A,FC Barcelona,Athletic Bilbao,2:3,CF ,62,1:3,Left-footed shot,Antoine Griezmann,2021,January
646,20/21,LaLiga,18,1/9/21,A,FC Barcelona,Granada CF,0:4,CF ,35,0:2,Left-footed shot,Antoine Griezmann,2021,January
647,20/21,LaLiga,18,1/9/21,A,FC Barcelona,Granada CF,0:4,CF ,42,0:3,Direct free kick,,2021,January
648,20/21,Copa del Rey,Last 16,1/27/21,A,FC Barcelona,Rayo Vallecano,1:2,CF ,69,1:1,Left-footed shot,Antoine Griezmann,2021,January
649,20/21,LaLiga,21,1/31/21,H,FC Barcelona,Athletic Bilbao,2:1,CF ,20,1:0,Direct free kick,,2021,January
650,20/21,LaLiga,22,2/7/21,A,FC Barcelona,Real Betis Balompie,2:3,CF,59,1:1,Left-footed shot,Ousmane Dembele,2021,February
651,20/21,LaLiga,23,2/13/21,H,FC Barcelona,Deportivo Alaves,5:1,CF ,45+1,2:0,Left-footed shot,Sergio Busquets,2021,February
652,20/21,LaLiga,23,2/13/21,H,FC Barcelona,Deportivo Alaves,5:1,CF ,75,4:1,Left-footed shot,Antoine Griezmann,2021,February
653,20/21,UEFA Champions League,Last 16,2/16/21,H,FC Barcelona,Paris Saint-Germain,1:4,CF ,27,1:0,Penalty,,2021,February
654,20/21,LaLiga,24,2/21/21,H,FC Barcelona,Cadiz CF,1:1,CF ,32,1:0,Penalty,,2021,February
655,20/21,LaLiga,1,2/24/21,H,FC Barcelona,Elche CF,3:0,CF ,48,1:0,Left-footed shot,Martin Braithwaite,2021,February
656,20/21,LaLiga,1,2/24/21,H,FC Barcelona,Elche CF,3:0,CF ,68,2:0,Left-footed shot,Frenkie de Jong,2021,February
657,20/21,LaLiga,25,2/27/21,A,FC Barcelona,Sevilla FC,0:2,CF ,85,0:2,Right-footed shot,Ilaix Moriba,2021,February
658,20/21,UEFA Champions League,Last 16,3/10/21,A,FC Barcelona,Paris Saint-Germain,1:1,SS ,37,1:1,Long distance kick,Pedri,2021,March
659,20/21,LaLiga,27,3/15/21,H,FC Barcelona,SD Huesca,4:1,SS ,13,1:0,Left-footed shot,Sergio Busquets,2021,March
660,20/21,LaLiga,27,3/15/21,H,FC Barcelona,SD Huesca,4:1,SS ,90,4:1,Left-footed shot,Francisco TrincÃ£o,2021,March
661,20/21,LaLiga,28,3/21/21,A,FC Barcelona,Real Sociedad,1:6,SS ,56,0:4,Left-footed shot,Sergio Busquets,2021,March
662,20/21,LaLiga,28,3/21/21,A,FC Barcelona,Real Sociedad,1:6,SS ,89,1:6,Left-footed shot,Jordi Alba,2021,March
663,20/21,Copa del Rey,Final,4/17/21,A,FC Barcelona,Athletic Bilbao,0:4,CF ,68,0:3,Left-footed shot,Frenkie de Jong,2021,April
664,20/21,Copa del Rey,Final,4/17/21,A,FC Barcelona,Athletic Bilbao,0:4,CF ,72,0:4,Left-footed shot,Jordi Alba,2021,April
665,20/21,LaLiga,31,4/22/21,H,FC Barcelona,Getafe CF,5:2,CF ,8,1:0,Left-footed shot,Sergio Busquets,2021,April
666,20/21,LaLiga,31,4/22/21,H,FC Barcelona,Getafe CF,5:2,CF ,33,3:1,Left-footed shot,,2021,April
667,20/21,LaLiga,33,4/29/21,H,FC Barcelona,Granada CF,1:2,CF ,23,1:0,Left-footed shot,Antoine Griezmann,2021,April
668,20/21,LaLiga,34,5/2/21,A,FC Barcelona,Valencia CF,2:3,CF ,57,1:1,Left-footed shot,,2021,May
669,20/21,LaLiga,34,5/2/21,A,FC Barcelona,Valencia CF,2:3,CF ,69,1:3,Direct free kick,,2021,May
670,20/21,LaLiga,36,5/11/21,A,FC Barcelona,Levante UD,3:3,SS ,25,0:1,Left-footed shot,,2021,May
671,20/21,LaLiga,37,5/16/21,H,FC Barcelona,Celta de Vigo,1:2,SS ,28,1:0,Header,Sergio Busquets,2021,May
